symbol,group,name,exchange,last_close,avg_volume,avg_dollar_vol,rank_dollar_vol,traded_buys,traded_net,last_traded,gauge_label
SNDK,broad,Sandisk Corporation Common Stock,NASDAQ,1719.99,9465206.55,16317161145.936249,6,,,,
SPCX,broad,Space Exploration Technologies Corp. Class A Common Stock,NASDAQ,158.96,94237648.5,14199599615.972,7,,,,
GOOGL,broad,Alphabet Inc. Class A Common Stock,NASDAQ,343.5,27527480.5,9439859763.91,13,,,,
SOXL,broad,Direxion Daily Semiconductor Bull 3X ETF,ARCA,163.71,61068307.2,8032085616.186999,16,,,,
IVV,broad,iShares Core S&P 500 ETF,ARCA,773.1,9626513.75,7389850878.1985,17,,,,
VOO,broad,Vanguard S&P 500 ETF,ARCA,707.54,9756072.1,6863169358.3225,19,,,,
BE,broad,Bloom Energy Corporation,NYSE,289.15,17795531.4,4836347060.1355,22,,,,
DELL,broad,Dell Technologies Inc.,NYSE,562.52,8547538.75,4704292407.114,23,,,,
TSM,broad,Taiwan Semiconductor Manufacturing Company Ltd.,NYSE,472.78,10178956.5,4477636489.4155,26,,,,
MRVL,broad,"Marvell Technology, Inc. Common Stock",NASDAQ,272.29,17699596.0,4336928999.515249,27,,,,
TQQQ,broad,ProShares UltraPro QQQ,NASDAQ,81.01,50999291.55,3823739858.4110003,29,,,,
SKHY,broad,SK hynix Inc. American Depositary Shares,NASDAQ,195.13,20043211.75,3745834043.736,33,,,,
STX,broad,Seagate Technology Holdings PLC Ordinary Shares (Ireland),NASDAQ,848.99,4304649.2,3728563470.35925,34,,,,
LQD,broad,iShares iBoxx $ Investment Grade Corporate Bond ETF,ARCA,101.83,35283115.1,3657085493.889,35,,,,
NBIS,broad,Nebius Group N.V. Class A Ordinary Shares,NASDAQ,242.81,15605981.15,3588366786.52725,36,,,,
WDC,broad,Western Digital Corporation Common Stock,NASDAQ,415.29,7757858.75,3440164983.9905,38,,,,
AMAT,broad,"Applied Materials, Inc. Common Stock",NASDAQ,540.04,6347542.85,2965157084.4285,40,,,,
LRCX,broad,Lam Research Corporation Common Stock,NASDAQ,347.49,9572064.2,2895883567.791,43,,,,
QCOM,broad,QUALCOMM Incorporated Common Stock,NASDAQ,184.87,15133898.7,2786177614.9505,44,,,,
LLY,broad,Eli Lilly & Co.,NYSE,1142.85,2274024.85,2619137318.5425,46,,,,
SOXS,broad,Direxion Daily Semiconductor Bear 3X ETF,ARCA,29.71,67983339.9,2608519730.3605,48,,,,
CRWD,broad,"CrowdStrike Holdings, Inc. Class A Common Stock",NASDAQ,270.04,10594220.8,2569475448.5185003,50,,,,
EWY,broad,iShares MSCI South Korea ETF,ARCA,191.88,13313613.0,2464613831.625,52,,,,
ASML,broad,ASML Holding N.V. New York Registry Shares,NASDAQ,1867.31,1385999.65,2379238532.9585,54,,,,
BRK.B,broad,BERKSHIRE HATHAWAY Class B,NYSE,502.65,4687081.1,2376092434.023,55,,,,
SGOV,broad,iShares 0-3 Month Treasury Bond ETF,NYSE,100.44,22391268.7,2251554025.465,59,,,,
IBIT,broad,iShares Bitcoin Trust ETF Shares,NASDAQ,47.73,46032873.1,2116761526.3195,63,,,,
COHR,broad,Coherent Corp.,NYSE,337.04,6939436.6,2084174791.718,65,,,,
CVX,broad,Chevron Corporation,NYSE,206.69,9831464.85,2053854278.896,66,,,,
GS,broad,Goldman Sachs Group Inc.,NYSE,902.56,2147555.8,2047017598.802,67,,,,
GEV,broad,GE Vernova Inc.,NYSE,988.7,2148169.8,2022077882.8279998,68,,,,
CSCO,broad,"Cisco Systems, Inc. Common Stock (DE)",NASDAQ,112.2,18373760.0,1995801169.2779999,69,,,,
KLAC,broad,KLA Corporation Common Stock,NASDAQ,206.89,9558763.45,1754899660.58,76,,,,
DRAM,broad,Roundhill Memory ETF,BATS,61.78,28940161.3,1732523961.0419998,77,,,,
SQQQ,broad,ProShares UltraPro Short QQQ,NASDAQ,33.12,46537371.5,1695995818.824,79,,,,
APP,broad,Applovin Corporation Class A Common Stock,NASDAQ,268.22,5290075.8,1636367423.248,81,,,,
MUB,broad,iShares National Muni Bond ETF,ARCA,100.96,15805371.7,1612444199.4795,82,,,,
NOW,broad,"SERVICENOW, INC.",NYSE,134.38,11818383.65,1612420644.8200002,83,,,,
CRDO,broad,Credo Technology Group Holding Ltd Ordinary Shares,NASDAQ,218.64,8821433.05,1605421382.1365,84,,,,
IREN,broad,IREN Limited Ordinary Shares,NASDAQ,41.76,35737024.6,1580241045.74275,85,,,,
TXN,broad,Texas Instruments Incorporated Common Stock,NASDAQ,293.8,5865142.35,1578711720.931,86,,,,
VLO,broad,Valero Energy Corporation,NYSE,406.3,3980237.6,1557000878.209,88,,,,
WBD,broad,"Warner Bros. Discovery, Inc. Series A Common Stock",NASDAQ,30.94,50721716.7,1536641176.769,91,,,,
BKNG,broad,Booking Holdings Inc. Common Stock,NASDAQ,159.02,9083040.55,1524677249.4045,93,,,,
TMO,broad,"Thermo Fisher Scientific, Inc.",NYSE,654.8,2313478.7,1500263931.5645,94,,,,
EFA,broad,iShares MSCI EAFE ETF,ARCA,103.96,14249782.25,1498044666.6545,95,,,,
VTEB,broad,Vanguard Tax-Exempt Bond Index Fund,ARCA,47.25,30170278.5,1442002289.115,102,,,,
HPE,broad,Hewlett Packard Enterprise Company,NYSE,69.33,23617202.85,1420624311.0355,103,,,,
GE,broad,GE Aerospace,NYSE,309.56,4432344.0,1408898532.72,104,,,,
ADBE,broad,Adobe Inc. Common Stock,NASDAQ,237.69,5643501.55,1401328906.248,106,,,,
XBI,broad,State Street SPDR S&P Biotech ETF,ARCA,154.43,8779067.85,1376811146.089,109,,,,
SPYM,broad,State Street SPDR Portfolio S&P 500 ETF,ARCA,90.6,15176024.0,1364220102.053,111,,,,
CBRS,broad,Cerebras Systems Inc. Class A Common Stock,NASDAQ,166.43,7088565.25,1360445976.7035,112,,,,
ALAB,broad,"Astera Labs, Inc. Common Stock",NASDAQ,350.33,4247291.1,1353560662.9435,114,,,,
VRT,broad,Vertiv Holdings Co Class A Common Stock,NYSE,252.18,5329337.95,1334255936.009,115,,,,
EEM,broad,iShares MSCI Emerging Markets ETF,ARCA,67.67,19646661.7,1325543184.619,116,,,,
AMGN,broad,Amgen Inc. Common Stock,NASDAQ,403.04,3329889.35,1323961580.213,117,,,,
ACN,broad,Accenture PLC,NYSE,198.9,6866990.45,1306274716.0935001,118,,,,
GLW,broad,Corning Incorporated,NYSE,164.19,8387963.8,1301247583.4045,120,,,,
CRCL,broad,"Circle Internet Group, Inc.",NYSE,81.25,13964873.95,1251490256.8565001,122,,,,
MDT,broad,Medtronic plc,NYSE,86.38,13894406.3,1241540641.537,123,,,,
ADI,broad,"Analog Devices, Inc. Common Stock",NASDAQ,417.15,3230243.15,1223834572.76,124,,,,
MPC,broad,MARATHON PETROLEUM CORPORATION,NYSE,422.33,3020294.55,1219625809.9315,125,,,,
TJX,broad,"TJX Companies, Inc. (The)",NYSE,132.68,9221876.75,1189687756.855,128,,,,
VTI,broad,Vanguard Morningstar Total Stock Market ETF,ARCA,377.99,3154347.7,1186928226.5935,129,,,,
MELI,broad,"MercadoLibre, Inc. Common Stock",NASDAQ,1696.56,654489.85,1180436280.203,130,,,,
AZO,broad,"AutoZone, Inc.",NYSE,2792.03,410528.75,1180411010.507,131,,,,
WFC,broad,Wells Fargo & Co.,NYSE,80.45,13712872.35,1167207949.432,133,,,,
MS,broad,Morgan Stanley,NYSE,190.31,5574959.05,1120146534.1525,134,,,,
MDB,broad,"MongoDB, Inc. Class A Common Stock",NASDAQ,357.96,3130188.3,1119747268.802,135,,,,
AGG,broad,iShares Core U.S. Aggregate Bond ETF,ARCA,94.25,11700066.3,1116403738.2275,137,,,,
BIL,broad,State Street SPDR Bloomberg 1-3 Month T-Bill ETF,ARCA,91.43,12144699.95,1111748749.1055,138,,,,
INTU,broad,Intuit Inc. Common Stock,NASDAQ,281.08,3705803.6,1109595529.0005,139,,,,
IEMG,broad,iShares Core MSCI Emerging Markets ETF,ARCA,82.36,13159640.9,1082921355.0065,141,,,,
AXP,broad,American Express Company,NYSE,302.78,3353201.15,1044007026.576,143,,,,
NET,broad,"Cloudflare, Inc. Class A common stock, par value $0.001 per share",NYSE,349.07,3116429.45,1038858092.4655001,144,,,,
IEFA,broad,iShares Core MSCI EAFE ETF,BATS,97.01,10538661.5,1032762481.207,145,,,,
VZ,broad,Verizon Communications,NYSE,45.92,21423502.45,1031430032.5055001,146,,,,
IONQ,broad,"IonQ, Inc.",NYSE,43.77,24797417.0,1029706920.9545,147,,,,
VCIT,broad,Vanguard Intermediate-Term Corporate Bond ETF,NASDAQ,77.98,12929556.95,1023444323.959,148,,,,
BMNR,broad,"BitMine Immersion Technologies, Inc.",NYSE,26.27,39427502.25,1019374155.9284999,149,,,,
ILMN,broad,"Illumina, Inc. Common Stock",NASDAQ,273.04,4171060.95,1015856754.3104999,150,,,,
EWZ,broad,iShares MSCI Brazil ETF,ARCA,38.19,26962875.75,1015652664.4129999,151,,,,
APH,broad,Amphenol Corporation,NYSE,86.96,12294025.85,1005118066.1105,152,,,,
NEE,broad,"NextEra Energy, Inc.",NYSE,76.83,12728948.25,1004387591.6854999,153,,,,
SNPS,broad,"Synopsys, Inc. Common Stock",NASDAQ,489.9,2373391.15,997105256.7435,154,,,,
LIN,broad,Linde plc Ordinary Shares,NASDAQ,479.48,2125218.7,993306376.912,155,,,,
TER,broad,"Teradyne, Inc. Common Stock",NASDAQ,449.04,2549996.75,962370286.3875,158,,,,
ANET,broad,Arista Networks,NYSE,207.35,4788259.8,956451889.4754999,159,,,,
DHR,broad,Danaher Corporation,NYSE,214.06,4396816.15,943279622.069,160,,,,
BSX,broad,Boston Scientific Corp.,NYSE,42.6,21325239.05,939753432.9909999,161,,,,
MPWR,broad,"Monolithic Power Systems, Inc. Common Stock",NASDAQ,1439.73,738837.85,938555295.1014999,162,,,,
SNXX,broad,Tradr 2X Long SNDK Daily ETF,BATS,16.33,55720151.95,936957237.466,163,,,,
ISRG,broad,"Intuitive Surgical, Inc. Common Stock",NASDAQ,391.95,2420651.6,932671446.934,165,,,,
IEF,broad,iShares 7-10 Year Treasury Bond ETF,NASDAQ,89.05,10307432.5,930582499.3774999,166,,,,
CIEN,broad,Ciena Corporation,NYSE,391.34,2626837.45,916698720.1815001,167,,,,
ON,broad,ON Semiconductor Corporation Common Stock,NASDAQ,84.89,12363930.9,912224017.4775,169,,,,
ABT,broad,Abbott Laboratories,NYSE,97.5,8832880.75,903207288.0635,173,,,,
COP,broad,ConocoPhillips,NYSE,126.75,6880226.4,902099603.1565001,174,,,,
ETN,broad,"Eaton Corporation, plc Ordinary Shares",NYSE,436.11,2117562.95,892530962.508,177,,,,
IGV,broad,iShares Expanded Tech-Software Sector ETF,BATS,108.43,8457905.9,891392061.3455,178,,,,
GILD,broad,"Gilead Sciences, Inc. Common Stock",NASDAQ,144.74,5921767.15,881978769.2685,179,,,,
SYK,broad,Stryker Corporation,NYSE,275.43,3179857.35,881254279.9209999,180,,,,
SCHW,broad,The Charles Schwab Corporation,NYSE,96.7,8550903.95,879100986.3655001,181,,,,
TMUS,broad,"T-Mobile US, Inc. Common Stock",NASDAQ,163.64,5156803.0,875297665.036,182,,,,
EMB,broad,"iShares J,P. Morgan USD Emerging Markets Bond ETF",NASDAQ,90.14,9408668.15,869402965.077,183,,,,
DE,broad,Deere & Company,NYSE,687.0,1268884.65,868955237.8665001,184,,,,
MUU,broad,Direxion Shares ETF Trust Direxion Daily MU Bull 2X ETF,NASDAQ,37.1,24732882.75,866668223.169,185,,,,
PSX,broad,PHILLIPS 66,NYSE,264.58,3311979.15,866263846.7049999,186,,,,
P,broad,"Everpure, Inc.",NYSE,140.14,7721115.05,852547794.6595,187,,,,
CDNS,broad,"Cadence Design Systems, Inc. Common Stock",NASDAQ,351.35,2804433.95,849568952.47575,188,,,,
PM,broad,Philip Morris International Inc.,NYSE,187.46,4470150.35,848557589.9300001,189,,,,
BITO,broad,ProShares Bitcoin ETF,ARCA,11.28,77463336.1,843633852.1105,190,,,,
DASH,broad,"DoorDash, Inc. Class A Common Stock",NASDAQ,189.15,4348361.05,836570321.75175,191,,,,
NXPI,broad,NXP Semiconductors N.V. Common Stock,NASDAQ,243.66,3592910.05,829238363.2945,193,,,,
QQQM,broad,Invesco Exchange-Traded Fund Trust II Invesco NASDAQ 100 ETF,NASDAQ,308.69,2743820.65,822619567.7795,194,,,,
CEG,broad,Constellation Energy Corporation Common Stock,NASDAQ,257.49,3066546.7,819235013.58675,195,,,,
NEM,broad,Newmont Corporation,NYSE,115.56,6620111.65,813328385.6765001,198,,,,
DDOG,broad,"Datadog, Inc. Class A Common Stock",NASDAQ,277.22,3334740.9,810535547.26825,199,,,,
CLS,broad,"Celestica, Inc.",NYSE,387.32,2309861.5,802965370.4025,200,,,,
HWM,broad,Howmet Aerospace Inc.,NYSE,231.27,3467421.5,798717841.7305,201,,,,
SPGI,broad,S&P Global Inc.,NYSE,386.27,1946432.15,787652580.4915,202,,,,
SCHD,broad,Schwab US Dividend Equity ETF,ARCA,32.72,23387814.25,786300513.1854999,203,,,,
AAOI,broad,"Applied Optoelectronics, Inc. Common Stock",NASDAQ,115.59,7525581.55,782498323.8510001,204,,,,
ETHA,broad,iShares Ethereum Trust ETF Shares,NASDAQ,20.11,40320593.75,781970435.0525,205,,,,
MCK,broad,McKesson Corporation,NYSE,902.28,880873.55,779397518.468,206,,,,
BND,broad,Vanguard Total Bond Market ETF,NASDAQ,69.94,10962169.5,776816307.268,207,,,,
RTX,broad,RTX Corporation,NYSE,184.68,3945257.2,759707863.01,208,,,,
SOFI,broad,"SoFi Technologies, Inc. Common Stock",NASDAQ,15.77,45041289.25,755860733.8205,209,,,,
BMY,broad,Bristol-Myers Squibb Co.,NYSE,61.15,11981764.0,753471780.97,210,,,,
SPOT,broad,Spotify Technology S.A.,NYSE,472.89,1454466.5,751058831.648,211,,,,
OKTA,broad,"Okta, Inc. Class A Common Stock",NASDAQ,211.49,3905794.5,747763112.749,212,,,,
CMCSA,broad,Comcast Corporation Class A Common Stock,NASDAQ,21.57,32135797.85,745496383.9729999,214,,,,
FICO,broad,Fair Isaac Corporation,NYSE,661.25,985254.5,744133398.53,215,,,,
VST,broad,Vistra Corp.,NYSE,140.02,5214487.7,741078631.1465,216,,,,
SLB,broad,SLB Limited,NYSE,48.74,13903196.8,728661754.1270001,218,,,,
COF,broad,Capital One Financial,NYSE,194.72,3597172.2,726656240.338,220,,,,
TWLO,broad,Twilio Inc.,NYSE,294.58,2689102.3,725927220.8894999,221,,,,
MBB,broad,iShares MBS ETF,NASDAQ,89.22,7861335.9,713811963.1450001,222,,,,
PATH,broad,"UiPath, Inc.",NYSE,13.12,52167521.85,709966630.9015,223,,,,
VEA,broad,Vanguard FTSE Developed Markets ETF,ARCA,71.13,9834439.6,706244059.3685,225,,,,
SBUX,broad,Starbucks Corporation Common Stock,NASDAQ,94.71,7048741.2,680874939.993,227,,,,
FTNT,broad,"Fortinet, Inc. Common Stock",NASDAQ,180.95,3978761.35,679572881.0365,228,,,,
HL,broad,Hecla Mining Company,NYSE,17.2,36702238.75,678943712.2165,229,,,,
USHY,broad,iShares Broad USD High Yield Corporate Bond ETF,BATS,35.52,18694272.4,673882286.2605001,231,,,,
ZS,broad,"Zscaler, Inc. Common Stock",NASDAQ,196.6,3551527.1,672451365.32925,232,,,,
CDE,broad,"Coeur Mining, Inc.",NYSE,17.66,34581644.15,668356357.905,233,,,,
XLC,broad,State Street Communication Services Select Sector SPDR ETF,ARCA,110.32,5927732.35,665045402.837,234,,,,
AON,broad,Aon plc Class A,NYSE,269.45,2253339.35,659947522.4760001,235,,,,
XOP,broad,State Street SPDR S&P Oil & Gas Exploration & Production ETF,ARCA,184.93,3480230.7,654352295.8885,236,,,,
AKAM,broad,"Akamai Technologies, Inc. Common Stock",NASDAQ,108.92,5890703.25,650412236.3445,238,,,,
TSLL,broad,Direxion Shares ETF Trust Direxion Daily TSLA Bull 2X ETF,NASDAQ,9.8,67212712.25,645646496.4425,240,,,,
HONA,broad,Honeywell Aerospace Inc. Common Stock,NASDAQ,154.63,4016542.2,645251966.1675,241,,,,
SWKS,broad,"Skyworks Solutions, Inc. Common Stock",NASDAQ,85.03,7479517.8,641627252.077,242,,,,
AXTI,broad,AXT Inc Common Stock,NASDAQ,85.87,8952890.7,638493388.971,245,,,,
NTRA,broad,"Natera, Inc. Common Stock",NASDAQ,410.35,1674916.55,635075803.371,247,,,,
HCA,broad,"HCA Healthcare, Inc.",NYSE,426.69,1485933.3,632430072.0765,248,,,,
FANG,broad,"Diamondback Energy, Inc. Common Stock",NASDAQ,184.71,3264991.35,631242132.88625,249,,,,
DVN,broad,Devon Energy Corporation,NYSE,47.65,12984081.7,628739463.888,250,,,,
FXI,broad,iShares China Large-Cap ETF,ARCA,33.19,18273100.5,628191583.357,251,,,,
MCHP,broad,Microchip Technology Incorporated Common Stock,NASDAQ,81.32,8381006.65,626597784.0109999,252,,,,
ASTS,broad,"AST SpaceMobile, Inc. Class A Common Stock",NASDAQ,58.45,10298005.85,623108039.4475,253,,,,
LNG,broad,Cheniere Energy Inc,NYSE,269.95,2257383.95,618182602.4944999,255,,,,
HON,broad,Honeywell International Inc. Common Stock,NASDAQ,213.99,2970285.55,617744615.3525,256,,,,
IYR,broad,iShares U.S. Real Estate ETF,ARCA,94.77,6280873.8,616756678.457,257,,,,
SHEL,broad,Shell plc American Depositary Shares (Each represents two Ordinary shares),NYSE,96.23,6443260.25,615381605.6495,258,,,,
WELL,broad,Welltower Inc.,NYSE,227.71,2649214.8,614692487.2444999,259,,,,
BNY,broad,Bank of New York Mellon Corporation,NYSE,145.4,4022102.0,613295297.054,260,,,,
ADP,broad,"Automatic Data Processing, Inc. Common Stock",NASDAQ,257.68,2271196.65,608684468.117,261,,,,
PGR,broad,Progressive Corporation,NYSE,210.31,2884388.6,608659520.1145,262,,,,
CMI,broad,Cummins Inc.,NYSE,528.32,1141610.3,608317960.9995,263,,,,
SMTC,broad,Semtech Corporation Common Stock,NASDAQ,194.88,3509936.35,605932494.4505,264,,,,
DAL,broad,"Delta Air Lines, Inc.",NYSE,84.09,7370083.7,599828889.4625,265,,,,
CIFR,broad,Cipher Digital Inc. Common Stock,NASDAQ,15.71,35163053.7,599588615.0662501,266,,,,
REGN,broad,"Regeneron Pharmaceuticals, Inc. Common Stock",NASDAQ,735.2,756124.75,589683653.8005,267,,,,
VTV,broad,Vanguard Morningstar Value ETF,ARCA,217.23,2647046.8,583669237.464,268,,,,
XLB,broad,State Street Materials Select Sector SPDR ETF,ARCA,48.86,11652231.9,583664138.423,269,,,,
ALL,broad,The Allstate Corporation,NYSE,223.74,2460583.8,583227330.1315,270,,,,
TEAM,broad,Atlassian Corporation Class A Common Stock,NASDAQ,187.89,3095933.1,577096881.2900001,271,,,,
BLK,broad,"Blackrock, Inc.",NYSE,1059.63,529955.05,567083334.5775,272,,,,
NVO,broad,Novo-Nordisk A/S,NYSE,37.32,14048639.45,566979021.9395,273,,,,
SO,broad,The Southern Company,NYSE,83.72,6556369.2,558993132.503,274,,,,
SHW,broad,The Sherwin-Williams Company,NYSE,319.51,1724657.15,558763198.5975001,275,,,,
CB,broad,Chubb Limited,NYSE,330.89,1658625.9,558274777.3135,276,,,,
IJH,broad,iShares Core S&P Mid-Cap ETF,ARCA,73.39,7611638.8,557220202.268,277,,,,
OXY,broad,Occidental Petroleum Corporation,NYSE,58.08,9485380.8,556819473.5045,278,,,,
PH,broad,Parker-Hannifin Corporation,NYSE,972.55,582080.4,554777899.301,281,,,,
MAR,broad,Marriott International Class A Common Stock,NASDAQ,358.96,1592097.95,545829826.5059999,283,,,,
IUSB,broad,iShares Trust iShares Core Universal USD Bond ETF,NASDAQ,43.95,12203393.45,545521588.4082501,284,,,,
WMB,broad,Williams Companies Inc.,NYSE,70.54,7542869.55,538916367.5885,289,,,,
MTUM,broad,iShares MSCI USA Momentum Factor ETF,BATS,322.88,1683065.55,530562696.35199994,290,,,,
ACWX,broad,iShares MSCI ACWI ex US ETF,NASDAQ,76.01,6841546.5,528715628.59099996,291,,,,
VCSH,broad,Vanguard Short-Term Corporate Bond ETF,NASDAQ,77.02,6817427.75,528289550.76900005,292,,,,
PWR,broad,"Quanta Services, Inc.",NYSE,676.56,827055.0,528268558.291,293,,,,
VCLT,broad,Vanguard Long-Term Corporate Bond ETF,NASDAQ,68.21,7538892.6,525707432.08599997,295,,,,
ORLY,broad,"O'Reilly Automotive, Inc. Common Stock",NASDAQ,84.9,6152780.0,525254440.12775004,296,,,,
VRTX,broad,Vertex Pharmaceuticals Incorporated Common Stock,NASDAQ,504.73,1011404.75,523623960.7335,297,,,,
HPQ,broad,HP Inc.,NYSE,32.12,15857330.45,521060579.426,298,,,,
HLT,broad,Hilton Worldwide Holdings Inc.,NYSE,319.36,1679208.05,520815297.4795,299,,,,
EQIX,broad,"Equinix, Inc. Common Stock REIT",NASDAQ,1025.72,507066.05,519771613.00100005,300,,,,
TEM,broad,"Tempus AI, Inc. Class A Common Stock",NASDAQ,76.63,6933048.55,519449299.546,301,,,,
TT,broad,Trane Technologies plc,NYSE,463.91,1166596.15,515131882.03999996,302,,,,
FIX,broad,"Comfort Systems USA, Inc.",NYSE,1728.01,314290.55,514537137.3965,303,,,,
O,broad,Realty Income Corporation,NYSE,54.13,9014161.3,511358059.7885,306,,,,
AEP,broad,"American Electric Power Company, Inc. Common Stock",NASDAQ,119.57,4235607.05,510892321.7965,307,,,,
VXUS,broad,Vanguard STAR Funds Vanguard Total International Stock ETF,NASDAQ,85.43,5903247.1,509471874.49974996,308,,,,
CSX,broad,CSX Corporation Common Stock,NASDAQ,47.43,10722106.5,509007656.1035,309,,,,
URI,broad,"United Rentals, Inc.",NYSE,1081.04,497702.85,507733275.71449995,310,,,,
ELV,broad,"Elevance Health, Inc.",NYSE,386.43,1253420.35,506923544.768,312,,,,
CASY,broad,"Casey's General Stores, Inc. Common Stock",NASDAQ,617.76,817840.3,506262267.06549996,313,,,,
TRV,broad,"The Travelers Companies, Inc.",NYSE,360.38,1364584.5,503138816.88600004,314,,,,
VGT,broad,Vanguard Information Technology ETF,ARCA,128.32,4059186.2,502304079.9985,315,,,,
NTAP,broad,"NetApp, Inc. Common Stock",NASDAQ,226.27,2509679.5,502123488.73675,316,,,,
MDLZ,broad,"Mondelez International, Inc. Class A Common Stock",NASDAQ,58.19,8237588.3,500435176.28400004,318,,,,
VUG,broad,Vanguard Morningstar Growth ETF,ARCA,91.17,5595112.65,499651683.39449996,319,,,,
ADSK,broad,"Autodesk, Inc. Common Stock",NASDAQ,212.0,2309196.95,496948010.458,320,,,,
HBAN,broad,Huntington Bancshares Incorporated Common Stock,NASDAQ,15.33,31241164.35,496004944.609,321,,,,
QID,broad,ProShares UltraShort QQQ,ARCA,12.87,36205429.6,495740308.7205,322,,,,
KR,broad,The Kroger Co.,NYSE,59.03,8350549.4,495587562.16,323,,,,
NOC,broad,Northrop Grumman Corp.,NYSE,478.0,970705.45,493745230.12299997,324,,,,
MRSH,broad,Marsh,NYSE,170.06,2836210.15,493248354.89849997,325,,,,
FDX,broad,FedEx Corporation,NYSE,290.36,1652559.45,492903000.40349996,326,,,,
AZN,broad,AstraZeneca PLC,NYSE,156.9,3030989.0,492767771.74399996,327,,,,
BKR,broad,Baker Hughes Company Class A Common Stock,NASDAQ,56.0,8464269.2,490051711.8125,328,,,,
IJR,broad,iShares Core S&P Small-Cap ETF,ARCA,138.52,3505767.8,488729392.86099994,329,,,,
USB,broad,U.S. Bancorp,NYSE,57.51,8151982.95,488455128.46949995,330,,,,
JCI,broad,Johnson Controls International plc,NYSE,156.24,3362616.25,488017023.94200003,331,,,,
DUK,broad,Duke Energy Corporation,NYSE,114.13,4140283.05,482770877.34800005,332,,,,
UTHR,broad,United Therapeutics Corporation Common Stock,NASDAQ,541.7,941791.25,482709859.75649995,333,,,,
PLD,broad,"PROLOGIS, INC.",NYSE,128.91,3611198.6,482541949.08550006,334,,,,
CRH,broad,CRH Public Limited Company,NYSE,81.94,5601560.35,481953926.114,335,,,,
AXON,broad,"Axon Enterprise, Inc. Common Stock",NASDAQ,413.35,1063850.7,481528812.45,336,,,,
EOG,broad,"EOG Resources, Inc.",NYSE,141.38,3341283.25,481101952.6615,337,,,,
KMB,broad,Kimberly-Clark Corporation Common Stock,NASDAQ,94.36,4882273.55,480085775.67325,338,,,,
SUNB,broad,"Sunbelt Rentals Holdings, Inc.",NYSE,77.1,6585930.55,477544247.2225,340,,,,
FSLR,broad,"First Solar, Inc. Common Stock",NASDAQ,174.61,2502822.3,476551538.26000005,341,,,,
CL,broad,Colgate-Palmolive Company,NYSE,84.26,5482253.35,475343975.866,342,,,,
CME,broad,CME Group Inc. Class A Common Stock,NASDAQ,263.14,1748233.4,474220190.107,343,,,,
EWT,broad,iShares MSCI Taiwan ETF,ARCA,116.33,4194644.6,472727876.4225,344,,,,
RWM,broad,ProShares Short Russell2000,ARCA,14.22,33383508.9,472606430.47299993,345,,,,
KVUE,broad,Kenvue Inc.,NYSE,17.2,26482744.25,472201612.104,346,,,,
WDAY,broad,"Workday, Inc. Class A Common Stock",NASDAQ,186.14,2473311.0,472157667.2035,347,,,,
WM,broad,"Waste Management, Inc.",NYSE,204.45,2220754.6,468086178.06899995,349,,,,
IWF,broad,iShares Russell 1000 Growth ETF,ARCA,127.07,3768062.45,466361213.38900006,350,,,,
UPS,broad,"United Parcel Service, Inc. Class B",NYSE,93.02,4819199.8,466347363.49349993,351,,,,
BOXX,broad,Alpha Architect 1-3 Month Box ETF,BATS,118.45,3942587.9,466253673.645,352,,,,
JNK,broad,State Street SPDR Bloomberg High Yield Bond ETF,ARCA,92.39,4973685.6,465118120.175,353,,,,
STM,broad,STMicroelectronics N.V.,NYSE,57.26,8941435.35,463560826.76000005,354,,,,
AMT,broad,American Tower Corporation,NYSE,162.2,2690814.6,461706177.2155,355,,,,
LEN,broad,Lennar Corporation Class A,NYSE,79.81,5729135.3,460047553.1325,356,,,,
CI,broad,The Cigna Group,NYSE,270.53,1665986.2,458371496.684,357,,,,
ICE,broad,Intercontinental Exchange  Inc.,NYSE,150.15,2909805.9,451962692.51350003,358,,,,
JBL,broad,Jabil Inc.,NYSE,304.41,1487189.15,450926432.9005,359,,,,
GDXJ,broad,VanEck Junior Gold Miners ETF,ARCA,113.65,3726132.15,450703342.5465,360,,,,
ONDS,broad,Ondas Inc. Common Stock,NASDAQ,7.24,60755904.75,450329254.92349994,361,,,,
GD,broad,General Dynamics Corporation,NYSE,330.09,1298445.9,449009399.941,362,,,,
ROST,broad,"Ross Stores, Inc. Common Stock",NASDAQ,228.54,1947730.3,448792033.745,363,,,,
SPXL,broad,Direxion Daily S&P 500 Bull 3x ETF,ARCA,288.65,1578902.25,447338693.5545,364,,,,
TSEM,broad,Tower Semiconductor Ltd. Ordinary Shares,NASDAQ,240.86,2006237.05,446987022.40150005,365,,,,
MDY,broad,State Street SPDR S&P MIDCAP 400 ETF Trust,ARCA,669.66,667236.35,446588242.0405,366,,,,
WULF,broad,TeraWulf Inc. Common Stock,NASDAQ,15.49,27653631.3,445361711.80799997,367,,,,
SHV,broad,iShares Trust iShares 0-1 Year Treasury Bond ETF,NYSE,110.07,4032477.15,444434039.54700005,368,,,,
TDG,broad,TransDigm Group Incorporated,NYSE,1090.38,402175.8,444199220.266,369,,,,
MNST,broad,Monster Beverage Corporation,NASDAQ,42.94,10245418.6,443961209.93850005,370,,,,
MLM,broad,Martin Marietta Materials,NYSE,482.27,895834.85,442375165.83500004,371,,,,
PBR,broad,PETROLEO BRASILEIRO S.A.-PETROBRAS ADS (REP 1 COMMON SHARE),NYSE,21.65,21049673.7,441252217.88549995,372,,,,
KORU,broad,Direxion Daily MSCI South Korea Bull 3X ETF,ARCA,22.95,20567177.8,436357511.564,373,,,,
XEL,broad,Xcel Energy Inc. Common Stock,NASDAQ,71.4,5988128.4,434740357.653,374,,,,
JPST,broad,JPMorgan Ultra-Short Income ETF,ARCA,50.23,8616881.15,433851385.24750006,375,,,,
VT,broad,Vanguard Total World Stock ETF,ARCA,159.13,2724378.5,433490963.87950003,376,,,,
CTVA,broad,"Corteva, Inc. Common Stock",NYSE,11.92,12414600.55,433435005.7605001,377,,,,
UAL,broad,"United Airlines Holdings, Inc. Common Stock",NASDAQ,112.51,3922014.0,433222844.36300004,378,,,,
CAH,broad,"Cardinal Health, Inc.",NYSE,228.3,1896621.4,432541715.24750006,379,,,,
VALE,broad,VALE S.A.,NYSE,13.76,30086048.35,430773117.0445,380,,,,
HUT,broad,Hut 8 Corp. Common Stock,NASDAQ,89.63,4545866.2,430411919.53774995,381,,,,
IQV,broad,IQVIA Holdings Inc.,NYSE,258.21,1614017.7,430130434.607,382,,,,
IWD,broad,iShares Russell 1000 Value ETF,ARCA,249.38,1698526.15,427775825.691,383,,,,
U,broad,Unity Software Inc.,NYSE,43.61,10108178.6,425520702.2565,384,,,,
APLD,broad,Applied Digital Corporation Common Stock,NASDAQ,25.38,16245555.1,424448345.504,385,,,,
VWO,broad,Vanguard FTSE Emerging Markets ETF,ARCA,59.56,7025353.55,421758547.365,386,,,,
PCAR,broad,PACCAR Inc. Common Stock,NASDAQ,109.68,3656298.45,421141982.9655,387,,,,
CTAS,broad,Cintas Corporation Common Stock,NASDAQ,193.02,2125936.85,420754499.696,388,,,,
PNC,broad,PNC Financial Services Group,NYSE,221.03,1820167.25,419904076.71599996,389,,,,
BURL,broad,"BURLINGTON STORES, INC.",NYSE,275.34,1661956.55,419664477.754,390,,,,
COR,broad,"Cencora, Inc.",NYSE,309.05,1336835.6,419657855.981,391,,,,
AGNC,broad,AGNC Investment Corp. Common Stock,NASDAQ,8.79,42927981.15,419379204.958,392,,,,
SHY,broad,iShares 1-3 Year Treasury Bond ETF,NASDAQ,81.05,5139937.65,417717221.20975,393,,,,
RVMD,broad,"Revolution Medicines, Inc. Common Stock",NASDAQ,206.64,2078456.15,415353579.5125,394,,,,
CTSH,broad,Cognizant Technology Solutions Corporation Class A Common Stock,NASDAQ,58.51,6940907.2,414143868.1475,395,,,,
ACGL,broad,Arch Capital Group Ltd. Common Stock,NASDAQ,93.6,4328109.1,414009288.1005,396,,,,
IAU,broad,iShares Gold Trust,ARCA,77.95,5137709.5,413857813.8565,397,,,,
DHI,broad,D.R. Horton Inc.,NYSE,135.0,2978528.2,413526445.169,398,,,,
BP,broad,BP p.l.c.,NYSE,44.79,9231586.8,413327123.4845,399,,,,
VNQ,broad,Vanguard Real Estate ETF,ARCA,89.5,4440219.75,410280797.526,400,,,,
HUM,broad,Humana Inc.,NYSE,388.36,1051447.4,409755618.4655,401,,,,
KMI,broad,"Kinder Morgan, Inc.",NYSE,31.07,13087872.65,407863086.597,402,,,,
VEEV,broad,Veeva Systems Inc.,NYSE,273.33,1510875.0,405781521.1565,403,,,,
DKS,broad,"Dick's Sporting Goods, Inc.",NYSE,136.08,3104521.65,405500657.2985,404,,,,
LHX,broad,"L3Harris Technologies, Inc.",NYSE,236.6,1657478.1,405279370.21750003,405,,,,
CARR,broad,Carrier Global Corporation,NYSE,55.12,7291580.15,405262685.544,406,,,,
JAAA,broad,Janus Henderson AAA CLO ETF,ARCA,50.48,7973342.6,403603389.1645,407,,,,
VMRK,broad,Vivmark Residential,NYSE,59.79,6392103.4,402648933.223,408,,,,
HUBS,broad,"HUBSPOT, INC.",NYSE,214.53,1818529.2,402185409.9695,409,,,,
EQT,broad,EQT CORP,NYSE,50.17,7828737.3,401588172.9875,410,,,,
FPS,broad,"Forgent Power Solutions, Inc.",NYSE,40.35,11253277.6,399886804.3685,411,,,,
A,broad,Agilent Technologies Inc.,NYSE,167.78,2472203.6,398465195.713,412,,,,
PSQ,broad,ProShares Short QQQ,ARCA,24.52,15732115.25,396920405.406,413,,,,
SAP,broad,SAP SE,NYSE,208.57,1881362.95,396575700.54,414,,,,
PAYX,broad,"Paychex, Inc. Common Stock",NASDAQ,98.94,3628858.1,396571662.6125,415,,,,
KKR,broad,KKR & Co. Inc.,NYSE,90.29,4057237.5,395851526.8195,416,,,,
MSI,broad,"Motorola Solutions, Inc. New",NYSE,447.41,858706.15,394442508.309,417,,,,
STT,broad,State Street Corporation,NYSE,175.96,2157544.8,394279809.3945,418,,,,
ARKK,broad,ARK Innovation ETF,BATS,89.83,4481970.2,392775613.221,419,,,,
SYY,broad,Sysco Corporation,NYSE,77.49,4954665.25,392628590.83849996,420,,,,
VIK,broad,Viking Holdings Ltd,NYSE,80.56,4757503.45,391619884.82449996,421,,,,
TFC,broad,Truist Financial Corporation,NYSE,46.45,8063318.95,390148973.904,422,,,,
OKLO,broad,Oklo Inc.,NYSE,35.87,10135321.2,389510396.618,423,,,,
EWJ,broad,iShares MSCI Japan ETF,ARCA,98.92,3985920.9,388756354.8105,424,,,,
TEL,broad,TE Connectivity plc,NYSE,220.36,1844452.35,385979225.0545,425,,,,
MCO,broad,Moody's Corporation,NYSE,441.36,825316.3,382629354.43299997,426,,,,
CHTR,broad,"Charter Communications, Inc. Class A Common Stock New",NASDAQ,109.29,3039815.95,381837696.6395,427,,,,
AIG,broad,"American International Group, Inc.",NYSE,74.93,5066240.65,380648143.1325,428,,,,
TWST,broad,Twist Bioscience Corporation Common Stock,NASDAQ,188.67,2307784.65,380353179.898,429,,,,
DT,broad,"Dynatrace, Inc.",NYSE,59.32,6815688.75,379866574.91150004,430,,,,
SE,broad,"Sea Limited American Depositary Shares, each representing one Class A Ordinary Share",NYSE,95.19,3685568.9,379275079.84499997,431,,,,
GIS,broad,"General Mills, Inc.",NYSE,32.01,10786261.75,377906063.6625,432,,,,
EMR,broad,Emerson Electric Co.,NYSE,161.61,2464212.5,377701770.9845,433,,,,
JHX,broad,James Hardie Industries plc,NYSE,24.99,14097482.45,375853173.665,434,,,,
IR,broad,Ingersoll Rand Inc. Common Stock,NYSE,76.07,5060285.85,375325541.949,435,,,,
USFR,broad,WisdomTree Floating Rate Treasury Fund,ARCA,50.4,7431638.65,374814495.0355,436,,,,
TPR,broad,"Tapestry, Inc. Common Stock",NYSE,118.12,3232573.95,373839348.594,437,,,,
ITW,broad,Illinois Tool Works Inc.,NYSE,262.92,1398587.2,373557993.6695,438,,,,
MTSI,broad,"MACOM Technology Solutions Holdings, Inc. Common Stock",NASDAQ,321.6,1356623.55,372961992.1485,439,,,,
FISV,broad,"Fiserv, Inc. Common Stock",NASDAQ,44.36,7745198.3,371294860.63699996,440,,,,
NVDL,broad,GraniteShares ETF Trust GraniteShares 2x Long NVDA Daily ETF,NASDAQ,38.5,10404847.35,370646550.797,442,,,,
DOCN,broad,"DigitalOcean Holdings, Inc.",NYSE,140.07,2785681.05,369596616.02299994,443,,,,
KWEB,broad,KraneShares CSI China Internet ETF,ARCA,23.86,14901968.65,368316183.556,444,,,,
DXCM,broad,"DexCom, Inc. Common Stock",NASDAQ,85.36,4205814.7,365767235.32600003,445,,,,
APO,broad,"Apollo Global Management, Inc.",NYSE,114.02,2940031.0,363375901.665,446,,,,
KEYS,broad,"Keysight Technologies, Inc.",NYSE,384.64,1055449.1,362786783.95100003,447,,,,
AME,broad,"Ametek, Inc.",NYSE,251.93,1488881.4,360839987.5585,448,,,,
FLEX,broad,Flex Ltd. Ordinary Shares,NASDAQ,116.61,3232774.35,359373902.7735,449,,,,
IEI,broad,iShares 3-7 Year Treasury Bond ETF,NASDAQ,113.17,3153353.3,359137811.05175,450,,,,
HAL,broad,Halliburton Company,NYSE,31.85,10539099.3,358230983.4665,451,,,,
AMP,broad,"Ameriprise Financial, Inc.",NYSE,490.91,682375.2,357636795.44949996,452,,,,
GWW,broad,"W.W. Grainger, Inc.",NYSE,1280.3,280617.45,356331660.173,453,,,,
EXC,broad,Exelon Corporation Common Stock,NASDAQ,40.73,8543366.55,356301873.86025,454,,,,
SNDQ,broad,Tradr 2X Short SNDK Daily ETF,BATS,10.89,31143228.9,354651977.18850005,455,,,,
ONON,broad,On Holding AG,NYSE,30.85,12305253.45,353008381.9125,457,,,,
TTD,broad,"The Trade Desk, Inc. Class A Common Stock",NASDAQ,11.95,26060037.15,352477245.66800004,458,,,,
LYV,broad,Live Nation Entertainment Inc.,NYSE,168.77,2075755.2,352407322.491,459,,,,
SN,broad,"SharkNinja, Inc.",NYSE,182.57,2063647.75,351110948.5495,460,,,,
QLD,broad,ProShares Ultra QQQ,ARCA,98.13,3766991.85,349758394.94299996,461,,,,
AJG,broad,Arthur J. Gallagher & Co.,NYSE,226.11,1475050.7,349672193.513,462,,,,
OKE,broad,"Oneok, Inc.",NYSE,87.88,3791499.85,349139687.5245,463,,,,
FAST,broad,Fastenal Company Common Stock,NASDAQ,50.75,7013175.6,349122553.82799995,464,,,,
NVS,broad,Novartis AG,NYSE,141.0,2477012.4,348505053.2015,465,,,,
B,broad,Barrick Mining Corporation,NYSE,40.23,8152667.95,347101935.346,466,,,,
APD,broad,"Air Products & Chemicals, Inc.",NYSE,277.57,1213631.15,346209233.093,467,,,,
SPXS,broad,Direxion Daily S&P 500 Bear 3x ETF,ARCA,24.12,13948190.65,345370539.8865,468,,,,
ALNY,broad,"Alnylam Pharmaceuticals, Inc. Common Stock",NASDAQ,219.72,1395414.95,343606215.914,469,,,,
RSG,broad,Republic Services Inc.,NYSE,209.56,1580317.55,343280548.5015,470,,,,
ROIV,broad,Roivant Sciences Ltd. Common Shares,NASDAQ,35.72,8776694.35,343149145.324,471,,,,
AVAV,broad,"AeroVironment, Inc. Common Stock",NASDAQ,140.82,2292801.7,342686845.36725,472,,,,
DLR,broad,"Digital Realty Trust, Inc.",NYSE,178.55,1882183.8,342527254.3495,473,,,,
AEM,broad,Agnico Eagle Mines Ltd.,NYSE,183.69,1752659.55,340721332.6085,474,,,,
KDP,broad,Keurig Dr Pepper Inc. Common Stock,NASDAQ,30.37,10855105.95,339763436.3595,475,,,,
ZTS,broad,ZOETIS INC.,NYSE,69.69,4696039.55,338132634.71599996,476,,,,
IBKR,broad,"Interactive Brokers Group, Inc. Class A Common Stock",NASDAQ,88.3,3786385.05,337947923.9745,477,,,,
OTIS,broad,Otis Worldwide Corporation,NYSE,64.05,5000357.65,337645198.948,478,,,,
SCHX,broad,Schwab U.S. Large- Cap ETF,ARCA,30.32,11170111.9,336771994.5495,479,,,,
FITB,broad,Fifth Third Bancorp,NYSE,50.87,6393478.15,335803755.2105,480,,,,
JEPQ,broad,J.P. Morgan Exchange-Traded Fund Trust JPMorgan Nasdaq Equity Premium Income ETF,NASDAQ,61.04,5551430.7,335707892.07449996,481,,,,
ECL,broad,"Ecolab, Inc.",NYSE,273.7,1220748.45,335150175.01750004,482,,,,
BDX,broad,"Becton, Dickinson and Co.",NYSE,176.8,1848117.0,334501050.175,483,,,,
MTZ,broad,"MasTec, Inc.",NYSE,215.93,1519326.05,334342131.46,484,,,,
ROP,broad,"Roper Technologies, Inc. Common Stock",NASDAQ,354.32,896362.1,333072306.563,485,,,,
DLTR,broad,Dollar Tree Inc. Common Stock,NASDAQ,112.16,2884457.25,332933633.90900004,486,,,,
MKSI,broad,MKS Inc. Common Stock,NASDAQ,279.15,1290078.05,332797840.5915,487,,,,
NSC,broad,Norfolk Southern Corp.,NYSE,317.44,1048745.8,332610608.791,488,,,,
SMR,broad,NuScale Power Corporation,NYSE,7.75,37864812.95,331700783.446,489,,,,
VTR,broad,"Ventas, Inc.",NYSE,84.01,3788838.2,331406046.9355,490,,,,
ODFL,broad,"Old Dominion Freight Line, Inc. Common Stock",NASDAQ,180.48,1859258.6,330909430.3195,491,,,,
CNQ,broad,Canadian Natural Resources Limited,NYSE,48.44,6666787.1,329760994.3305,492,,,,
ETR,broad,Entergy Corporation,NYSE,100.91,3200045.4,327211119.9195,493,,,,
KEY,broad,KeyCorp,NYSE,20.08,15632417.75,326956201.45100003,494,,,,
YUM,broad,"Yum! Brands, Inc.",NYSE,136.12,2325295.4,326383573.2535,495,,,,
TRGP,broad,Targa Resources Corp.,NYSE,281.74,1144143.9,326031833.05700004,496,,,,
CF,broad,"CF Industries Holding, Inc.",NYSE,115.01,2584109.85,324681237.937,497,,,,
RBRK,broad,"Rubrik, Inc.",NYSE,118.58,3076345.05,324584156.26549995,498,,,,
MSCI,broad,"MSCI, Inc.",NYSE,535.95,587609.95,322852690.176,499,,,,
CORO,broad,BlackRock ETF Trust iShares International Country Rotation Active ETF,NASDAQ,36.56,8679487.7,322040312.48174995,500,,,,
SPDN,broad,Direxion Daily S&P 500 Bear 1X ETF,ARCA,8.42,37834098.15,321995304.2815,501,,,,
TSCO,broad,Tractor Supply Company Common Stock,NASDAQ,31.09,9853382.05,321858037.24700004,502,,,,
RVTY,broad,"Revvity, Inc.",NYSE,151.53,2252349.7,321581651.888,503,,,,
ACWI,broad,iShares MSCI ACWI ETF,NASDAQ,160.09,2012061.9,321504372.7425,504,,,,
COO,broad,"The Cooper Companies, Inc. Common Stock",NASDAQ,56.91,5705799.45,321482826.57575,505,,,,
EAT,broad,"Brinker International, Inc.",NYSE,202.0,1561300.75,319080867.44500005,507,,,,
FOXA,broad,Fox Corporation Class A Common Stock,NASDAQ,62.28,4940832.3,318506736.1835,508,,,,
GH,broad,"Guardant Health, Inc. Common Stock",NASDAQ,177.8,1836043.3,318492770.782,509,,,,
VGSH,broad,Vanguard Short-Term Treasury ETF,NASDAQ,57.46,5520056.65,317999281.92675,510,,,,
IBB,broad,iShares Biotechnology ETF,NASDAQ,205.29,1538104.75,317762826.165,511,,,,
FERG,broad,Ferguson Enterprises Inc.,NYSE,223.33,1437055.0,317212573.41550004,512,,,,
NUE,broad,Nucor Corporation,NYSE,240.39,1271764.45,315948497.77199996,513,,,,
VMC,broad,Vulcan Materials Company(Holding Company),NYSE,243.06,1279767.9,315678797.15900004,514,,,,
SH,broad,ProShares Short S&P500,ARCA,32.12,9706503.65,314954886.0645,515,,,,
EXE,broad,Expand Energy Corporation Common Stock,NASDAQ,85.52,3529020.1,314424870.05799997,516,,,,
CBOE,broad,"Cboe Global Markets, Inc.",BATS,271.26,1150382.85,314345244.086,517,,,,
D,broad,"Dominion Energy, Inc Common Stock",NYSE,61.31,4968339.5,312422134.362,518,,,,
ECHO,broad,EchoStar Corporation Common Stock,NASDAQ,94.25,3382680.5,312148852.7955,519,,,,
NVT,broad,nVent Electric plc Ordinary Shares,NYSE,169.56,1967606.85,310821569.675,520,,,,
ATI,broad,ATI Inc.,NYSE,192.42,1616535.4,309781280.1225,522,,,,
CPRT,broad,"Copart, Inc. (DE) Common Stock",NASDAQ,27.22,10503756.45,309651966.74925,523,,,,
ADM,broad,Archer Daniels Midland Company,NYSE,80.45,3685914.05,309553658.2665,524,,,,
MDLN,broad,Medline Inc. Class A common stock,NASDAQ,35.61,9115952.5,308093316.232,525,,,,
DINO,broad,HF Sinclair Corporation,NYSE,113.36,2809470.7,307275468.6245,526,,,,
FN,broad,Fabrinet,NYSE,463.69,752178.0,306661623.0125,527,,,,
SNX,broad,TD SYNNEX Corporation,NYSE,278.37,1145788.0,306229604.1665,529,,,,
SPMO,broad,Invesco S&P 500 Momentum ETF,ARCA,153.23,2036733.5,306103626.5815,530,,,,
NDAQ,broad,"Nasdaq, Inc. Common Stock",NASDAQ,90.33,3292757.45,305193990.11300004,531,,,,
EFX,broad,"Equifax, Incorporated",NYSE,140.0,1964092.25,305131120.7515,532,,,,
NRG,broad,"NRG Energy, Inc.",NYSE,95.23,2909638.2,304791175.106,533,,,,
CNC,broad,Centene Corporation,NYSE,62.99,4731330.25,304608594.3505,534,,,,
PBF,broad,PBF ENERGY INC.,NYSE,80.78,4050277.7,304466350.54,535,,,,
EW,broad,Edwards Lifesciences Corp,NYSE,85.15,3497240.8,304196382.075,536,,,,
XYL,broad,Xylem Inc,NYSE,101.79,2876207.6,303726676.893,537,,,,
FIG,broad,"Figma, Inc.",NYSE,21.36,13530789.6,301893436.2915,538,,,,
VGIT,broad,Vanguard Intermediate-Term Treasury ETF,NASDAQ,56.53,5277122.75,301152608.70375,539,,,,
SPTL,broad,State Street SPDR Portfolio Long Term Treasury ETF,ARCA,23.75,12369986.05,300935783.98249996,540,,,,
ALB,broad,Albemarle Corporation,NYSE,104.59,2615878.25,300914627.46599996,541,,,,
WEC,broad,"WEC Energy Group, Inc.",NYSE,101.59,2910956.7,300154318.93200004,542,,,,
JBHT,broad,"J.B. Hunt Transport Services, Inc. Common Stock",NASDAQ,234.2,1240613.15,300151234.71599996,543,,,,
MAGS,broad,Roundhill Magnificent Seven ETF,BATS,72.59,4209609.25,299842795.01949996,544,,,,
XYZ,broad,"Block, Inc.",NYSE,74.33,3914611.4,299812245.6635,545,,,,
WAT,broad,Waters Corp,NYSE,425.21,707703.95,299419073.629,546,,,,
MTD,broad,Mettler-Toledo International,NYSE,1486.19,211115.2,299128703.0485,547,,,,
MET,broad,"MetLife, Inc.",NYSE,94.43,3100767.9,299093051.502,548,,,,
GEN,broad,Gen Digital Inc. Common Stock,NASDAQ,21.99,12050526.9,298560487.37125003,549,,,,
NCLH,broad,Norwegian Cruise Line Holdings Ltd. Ordinary Shares,NYSE,15.14,20446064.35,298307919.874,550,,,,
SITM,broad,SiTime Corporation Common Stock,NASDAQ,709.44,480323.45,298037264.646,551,,,,
BTI,broad,"British American Tobacco p.l.c. American Depositary Shares, American Depositary Shares, each representing one Ordinary Share",NYSE,52.64,5378683.45,297567495.0465,552,,,,
CRS,broad,Carpenter Technology Corp,NYSE,388.47,722558.5,295636786.20299995,554,,,,
SCHG,broad,Schwab U.S. Large-Cap Growth ETF,ARCA,36.34,8285233.45,295476321.7715,555,,,,
ASX,broad,"ASE Technology Holding Co., Ltd.",NYSE,47.45,7060385.75,295190703.207,556,,,,
ROK,broad,"Rockwell Automation, Inc.",NYSE,454.35,689275.6,294412424.8605,557,,,,
GNRC,broad,GENERAC HOLDINGS INC,NYSE,216.8,1459303.25,293435810.0225,558,,,,
ENTG,broad,"Entegris, Inc. Common Stock",NASDAQ,166.47,2035188.8,293422407.7295,559,,,,
VKTX,broad,"Viking Therapeutics, Inc. Common Stock",NASDAQ,29.94,8130483.65,293179341.4325,560,,,,
PURR,broad,Hyperliquid Strategies Inc Common Stock,NASDAQ,11.89,23108443.65,292405399.67550004,562,,,,
SU,broad,"Suncor Energy, Inc.",NYSE,69.56,4252282.8,291404554.9085,563,,,,
EL,broad,The Estee Lauder Companies Inc. Class A,NYSE,91.97,3022013.15,290818156.158,564,,,,
IOT,broad,Samsara Inc.,NYSE,41.12,7231215.55,286971172.2285,565,,,,
EIX,broad,Edison International,NYSE,53.89,5169525.45,283975240.38850003,568,,,,
ARES,broad,Ares Management Corporation Class A Common Stock,NYSE,117.55,2276114.55,283606746.1815,569,,,,
HALO,broad,"Halozyme Therapeutics, Inc. Common Stock",NASDAQ,109.86,2548656.8,283502771.144,570,,,,
SRE,broad,Sempra,NYSE,78.38,3495557.95,281888612.6905,571,,,,
CBRE,broad,"CBRE GROUP, INC.",NYSE,129.58,2049174.6,280388637.9415,572,,,,
QBTS,broad,D-Wave Quantum Inc. Common Stock,NASDAQ,15.77,16486522.25,279946486.775,573,,,,
BSV,broad,Vanguard Short-Term Bond ETF,ARCA,76.21,3648173.95,279256313.931,574,,,,
DRI,broad,"Darden Restaurants, Inc.",NYSE,200.33,1351852.45,279151851.518,575,,,,
KOD,broad,Kodiak Sciences Inc Common Stock,NASDAQ,94.45,3508191.05,278939755.49300003,576,,,,
DECK,broad,Deckers Outdoor Corp,NYSE,79.12,3487739.65,277361598.441,577,,,,
INSM,broad,Insmed Incorporated Common Stock,NASDAQ,111.12,2304056.75,276511939.1185,578,,,,
UPRO,broad,ProShares UltraPro S&P 500,ARCA,150.88,1858519.4,275841478.8725,579,,,,
ENB,broad,"Enbridge, Inc",NYSE,45.97,5726629.4,275550149.1385,580,,,,
HIMS,broad,"Hims & Hers Health, Inc.",NYSE,29.0,9550728.7,274589276.36149997,581,,,,
RMD,broad,ResMed Inc.,NYSE,218.89,1226948.75,273978998.218,583,,,,
TTAN,broad,"ServiceTitan, Inc. Class A Common Stock",NASDAQ,67.09,4567693.95,273873551.8355,584,,,,
PSKY,broad,Paramount Skydance Corporation Class B Common Stock,NASDAQ,9.5,26998243.75,273809421.18625003,585,,,,
SCHB,broad,Schwab U.S. Broad Market ETF,ARCA,29.61,9284120.5,273597289.6945,586,,,,
EME,broad,"EMCOR Group, Inc.",NYSE,786.61,361938.0,273539096.0185,587,,,,
XRT,broad,State Street SPDR S&P Retail ETF,ARCA,82.63,3273905.95,273433351.0595,588,,,,
CFG,broad,"Citizens Financial Group, Inc.",NYSE,64.33,4100208.2,273207455.355,589,,,,
CLX,broad,Clorox Company,NYSE,80.41,3203964.8,273044679.27750003,590,,,,
TNA,broad,Direxion Daily Small Cap Bull 3x ETF,ARCA,59.85,4429894.2,273039806.145,591,,,,
SPXU,broad,ProShares UltraPro Short S&P 500,ARCA,33.91,7855137.65,272959405.0605,592,,,,
APA,broad,APA Corporation Common Stock,NASDAQ,43.68,6207068.05,272621553.0215,593,,,,
STZ,broad,"Constellation Brands, Inc.",NYSE,112.87,2275986.6,271549533.2615,594,,,,
CRL,broad,"Charles River Laboratories International, Inc.",NYSE,290.19,960088.5,271540975.582,595,,,,
DGX,broad,Quest Diagnostics Inc.,NYSE,233.33,1139753.85,270953502.244,596,,,,
STRL,broad,"Sterling Infrastructure, Inc. Common Stock",NASDAQ,533.42,538303.8,269400323.2845,597,,,,
WRB,broad,W.R. Berkley Corporation,NYSE,68.98,3861982.5,267982330.50550002,599,,,,
RGTI,broad,"Rigetti Computing, Inc. Common Stock",NASDAQ,15.25,16973752.75,267513207.65725002,600,,,,
WPM,broad,Wheaton Precious Metals Corp. Common Stock,NYSE,136.28,1835148.9,266626545.78249997,601,,,,
MP,broad,MP Materials Corp.,NYSE,46.97,5387730.2,266518688.4485,602,,,,
FLUT,broad,Flutter Entertainment plc,NYSE,74.81,3013383.35,265663093.50300002,603,,,,
TLN,broad,Talen Energy Corporation Common Stock,NASDAQ,320.77,868841.05,265578352.2235,604,,,,
VICI,broad,VICI Properties Inc. Common Stock,NYSE,22.65,11020101.3,265334649.47599998,605,,,,
GDDY,broad,GoDaddy Inc,NYSE,97.21,2696514.05,264995127.18249997,606,,,,
CCJ,broad,Cameco Corporation,NYSE,85.18,2894233.0,264721838.7705,607,,,,
FIVE,broad,"Five Below, Inc. Common Stock",NASDAQ,221.19,1124577.75,264712865.8335,608,,,,
RF,broad,Regions Financial Corp.,NYSE,27.1,9368845.75,264466184.014,609,,,,
IGSB,broad,iShares Trust iShares 1-5 Year Investment Grade Corporate Bond ETF,NASDAQ,51.07,5121693.05,263119228.277,610,,,,
UMC,broad,United Microelectronic Corp.,NYSE,26.27,11038491.85,261814396.84700003,612,,,,
TOST,broad,"Toast, Inc.",NYSE,29.79,8495231.65,261486936.01799998,613,,,,
LH,broad,Labcorp Holdings Inc.,NYSE,308.49,832053.9,261440944.2425,614,,,,
WSM,broad,"Williams-Sonoma, Inc.",NYSE,232.3,1150435.05,260988368.339,615,,,,
ITOT,broad,iShares Core S&P Total U.S. Stock Market ETF,ARCA,167.95,1559606.65,260633039.37799996,616,,,,
SPG,broad,"Simon Property Group, Inc.",NYSE,200.95,1272376.65,260432559.0855,617,,,,
TLH,broad,iShares 10-20 Year Treasury Bond ETF,ARCA,91.73,2769389.75,259963661.55749997,618,,,,
FBTC,broad,Fidelity Wise Origin Bitcoin Fund,BATS,73.33,3669652.85,259864785.7815,619,,,,
WWD,broad,"Woodward, Inc. Common Stock",NASDAQ,331.62,793906.8,259366093.8935,620,,,,
CCI,broad,Crown Castle Inc.,NYSE,66.44,3619405.45,258279371.92399997,621,,,,
NLY,broad,Annaly Capital Management. Inc.,NYSE,18.5,12484320.6,257468358.1835,622,,,,
DOV,broad,Dover Corporation,NYSE,189.69,1358292.8,257191153.929,623,,,,
HSY,broad,The Hershey Company,NYSE,160.19,1532143.15,256877430.84149998,624,,,,
KNX,broad,Knight-Swift Transportation Holdings Inc. Class A Common Stock,NYSE,66.76,3840469.3,256471905.1745,625,,,,
CNP,broad,"CenterPoint Energy, Inc.",NYSE,37.79,6734218.4,256073682.22399998,626,,,,
PSA,broad,Public Storage,NYSE,283.81,877781.55,255997600.48000002,627,,,,
USFD,broad,US Foods Holding Corp.,NYSE,96.92,2699510.5,255308902.70349997,628,,,,
MINT,broad,PIMCO Enhanced Short Maturity Active Exchange-Traded Fund,ARCA,100.32,2533686.55,254819919.35,629,,,,
SPYG,broad,State Street SPDR Portfolio S&P 500 Growth ETF,ARCA,124.62,2078745.3,254539067.594,630,,,,
ROL,broad,"Rollins, Inc.",NYSE,30.16,7909225.3,254232685.4645,631,,,,
LPLA,broad,LPL Financial Holdings Inc. Common Stock,NASDAQ,316.44,791965.65,254016593.43600002,632,,,,
FDS,broad,Factset Research Systems,NYSE,266.0,923131.0,253902700.90850002,633,,,,
AWK,broad,"American Water Works Company, Inc",NYSE,130.25,1880783.75,253859042.657,634,,,,
CMS,broad,CMS Energy Corporation,NYSE,63.74,3914557.9,253754758.01,635,,,,
DTE,broad,DTE Energy Company,NYSE,124.45,1995887.8,253526391.6765,636,,,,
OMC,broad,Omnicom Group Inc.,NYSE,74.15,3277706.55,252836272.423,637,,,,
MXL,broad,"MaxLinear, Inc. Common Stock",NASDAQ,105.93,3064243.0,252756049.8585,638,,,,
QSR,broad,Restaurant Brands International Inc.,NYSE,69.91,3411927.7,252409558.69,640,,,,
MOD,broad,Modine Manufacturing Co,NYSE,178.2,1347540.05,252244701.7755,641,,,,
ARGX,broad,argenx SE American Depositary Shares,NASDAQ,919.21,259316.65,252051948.698,642,,,,
QRVO,broad,"Qorvo, Inc. Common Stock",NASDAQ,114.17,2198518.85,251126903.24650002,643,,,,
SPSB,broad,State Street SPDR Portfolio Short Term Corporate Bond ETF,ARCA,29.52,8444103.4,250522906.48850003,644,,,,
VIG,broad,Vanguard Dividend Appreciation ETF,ARCA,235.05,1057571.5,250410786.2585,645,,,,
ASST,broad,"Strive, Inc. Class A Common Stock",NASDAQ,30.03,8671710.8,249274303.557,646,,,,
XLRE,broad,State Street Real Estate Select Sector SPDR ETF,ARCA,40.81,5898307.65,248765716.9945,647,,,,
RMBS,broad,Rambus Inc. Common Stock,NASDAQ,111.97,2645091.7,248424256.03449997,648,,,,
GOVT,broad,iShares U.S. Treasury Bond ETF,BATS,21.81,11253751.35,248044697.95775,649,,,,
IDXX,broad,"IDEXX Laboratories, Inc. Common Stock",NASDAQ,518.39,479637.45,248027425.31199998,650,,,,
MTB,broad,M&T Bank Corp.,NYSE,219.14,1088499.4,247954522.433,651,,,,
TXG,broad,"10x Genomics, Inc. Class A Common Stock",NASDAQ,93.5,3127237.7,246800978.79900002,652,,,,
PEG,broad,Public Service Enterprise Group Incorporated,NYSE,68.07,3549766.15,246342012.45250002,653,,,,
AEHR,broad,Aehr Test Systems Common Stock,NASDAQ,107.21,2605318.2,245428505.94250003,655,,,,
ETSY,broad,"Etsy, Inc.",NYSE,72.77,3392598.9,245410920.523,656,,,,
RIG,broad,Transocean LTD.,NYSE,5.17,44255234.35,244934220.014,657,,,,
FTAI,broad,FTAI Aviation Ltd. Common Stock,NASDAQ,167.03,1351421.2,244517516.99850002,658,,,,
CW,broad,Curtiss-Wright Corp.,NYSE,545.64,440116.25,244225254.575,659,,,,
SCHF,broad,Schwab International Equity ETF,ARCA,27.58,8774323.4,244216921.55299997,660,,,,
QXO,broad,"QXO, Inc.",NYSE,12.06,20105325.3,242994916.8205,661,,,,
FFIV,broad,"F5, Inc. Common Stock",NASDAQ,454.04,563515.95,242884828.91750002,662,,,,
TYL,broad,"Tyler Technologies, Inc.",NYSE,322.81,720250.1,242573674.1405,663,,,,
NYT,broad,New York Times Co.,NYSE,62.7,3657289.55,242233395.74899998,664,,,,
INDA,broad,iShares MSCI India ETF,BATS,46.52,5058532.95,242159962.696,665,,,,
PPL,broad,PPL Corporation,NYSE,32.8,7236777.4,241310075.0875,666,,,,
HDB,broad,HDFC Bank Limited,NYSE,22.34,10565052.3,241294160.45900002,667,,,,
HIG,broad,"The Hartford Insurance Group, Inc.",NYSE,126.05,1844948.5,240474623.167,669,,,,
GEHC,broad,GE HealthCare Technologies Inc. Common Stock,NASDAQ,64.29,3682714.7,240317830.7215,670,,,,
MSTU,broad,T-Rex 2X Long MSTR Daily Target ETF,BATS,43.16,6035260.85,240236815.50299996,671,,,,
TMF,broad,Direxion Daily 20+ Year Treasury Bull 3X ETF,ARCA,25.58,8670943.15,239721943.14450002,672,,,,
GWRE,broad,"GUIDEWIRE SOFTWARE, INC.",NYSE,152.15,1606153.8,239720095.435,673,,,,
PTC,broad,PTC Inc. Common Stock,NASDAQ,144.03,1749880.3,238565040.06974998,674,,,,
AFL,broad,Aflac Inc.,NYSE,111.54,2069299.15,238130890.85349998,675,,,,
PR,broad,Permian Resources Corporation,NYSE,22.12,10487668.95,236931987.614,677,,,,
AU,broad,AngloGold Ashanti plc,NYSE,94.92,2347707.6,236891279.44450003,678,,,,
STLD,broad,"Steel Dynamics, Inc.",NASDAQ,231.99,1009996.15,236709096.33499998,679,,,,
QUAL,broad,iShares MSCI USA Quality Factor ETF,BATS,224.48,1066895.0,236182417.2015,682,,,,
RL,broad,Ralph Lauren Corporation,NYSE,363.37,682997.6,235912860.1505,683,,,,
BG,broad,Bunge Global SA,NYSE,106.72,2044983.9,235289477.6325,684,,,,
CLSK,broad,"CleanSpark, Inc. Common Stock",NASDAQ,12.74,17320029.35,235076423.456,685,,,,
PODD,broad,Insulet Corporation Common Stock,NASDAQ,131.69,1720664.7,234879500.74400002,686,,,,
CHYM,broad,"Chime Financial, Inc. Class A Common Stock",NASDAQ,27.25,7669081.8,234711338.79475003,687,,,,
BHP,broad,BHP Group Limited American Depositary Shares (Each representing two Ordinary Shares),NYSE,86.07,2711730.5,233798027.17150003,688,,,,
VIAV,broad,Viavi Solutions Inc. Common Stock,NASDAQ,47.1,6019825.1,233485032.225,689,,,,
AGQ,broad,ProShares Ultra Silver,ARCA,67.42,3105496.7,233377827.75599998,690,,,,
TTMI,broad,"TTM Technologies, Inc. Common Stock",NASDAQ,131.87,1896315.0,233351402.50349998,691,,,,
GRMN,broad,Garmin Ltd,NYSE,281.16,829160.75,233337173.068,692,,,,
DOCU,broad,"DocuSign, Inc. Common Stock",NASDAQ,69.01,3412828.8,232852230.7,693,,,,
FIS,broad,"Fidelity National Information Services, Inc.",NYSE,32.44,6462595.15,232758875.749,694,,,,
JEPI,broad,JPMorgan Equity Premium Income ETF,ARCA,56.1,4121013.75,232604202.3315,695,,,,
ONTO,broad,Onto Innovation Inc.,NYSE,327.77,841041.1,232323244.35149997,696,,,,
CNH,broad,CNH INDUSTRIAL N.V.,NYSE,13.47,17089835.3,231669650.3565,697,,,,
VICR,broad,Vicor Corporation Common Stock,NASDAQ,308.9,941152.25,231636603.32950002,698,,,,
WST,broad,"West Pharmaceutical Services, Inc.",NYSE,364.98,639531.1,231582430.013,699,,,,
IDEV,broad,iShares Core MSCI International Developed Markets ETF,ARCA,89.58,2555834.8,231308467.976,700,,,,
BKLN,broad,Invesco Senior Loan ETF,ARCA,20.48,11232389.5,230830973.61999997,701,,,,
CPNG,broad,"Coupang, Inc.",NYSE,13.78,16037490.3,230787212.93649998,702,,,,
TKO,broad,"TKO Group Holdings, Inc.",NYSE,175.58,1227875.45,229969352.3245,703,,,,
ED,broad,"Consolidated Edison, Inc.",NYSE,103.39,2195339.4,229613601.1985,704,,,,
CVE,broad,Cenovus Energy Inc.,NYSE,32.4,7119402.85,229270585.762,705,,,,
NI,broad,NiSource Inc.,NYSE,39.43,5686181.2,228518604.77249998,706,,,,
BNDX,broad,Vanguard Charlotte Funds Vanguard Total International Bond ETF,NASDAQ,46.86,4854811.3,228184584.213,708,,,,
LYB,broad,LyondellBasell Industries N.V. Class A,NYSE,58.58,3703055.85,227819410.24850002,709,,,,
IVW,broad,iShares S&P 500 Growth ETF,ARCA,143.91,1612768.95,227770163.22200003,710,,,,
VGK,broad,Vanguard FTSE Europe ETF,ARCA,86.38,2560716.4,226001216.8625,711,,,,
TECH,broad,Bio-Techne Corp Common Stock,NASDAQ,72.4,3112342.75,225308323.67800003,712,,,,
QQQI,broad,NEOS ETF Trust NEOS Nasdaq 100 High Income ETF,NASDAQ,56.08,4093827.9,224593480.87800002,713,,,,
VRSK,broad,"Verisk Analytics, Inc. Common Stock",NASDAQ,163.88,1288723.25,224081361.706,714,,,,
EFG,broad,iShares MSCI EAFE Growth ETF,BATS,121.08,1848568.7,223975136.2855,715,,,,
BAI,broad,iShares A.I. Innovation and Tech Active ETF,ARCA,48.8,4756890.85,222388167.7355,716,,,,
SSO,broad,ProShares Ultra S&P500,ARCA,70.58,3176829.2,222377608.26149997,717,,,,
HUBB,broad,Hubbell Incorporated,NYSE,475.52,486658.45,222024781.03649998,718,,,,
VRSN,broad,"VeriSign, Inc. Common Stock",NASDAQ,288.32,757308.85,221828779.79449996,719,,,,
TIP,broad,iShares TIPS Bond ETF,ARCA,104.11,2107065.5,221598838.01150003,720,,,,
COPX,broad,Global X Copper Miners ETF (NEW),ARCA,85.91,2521962.3,221449188.202,721,,,,
FWONK,broad,Liberty Media Corporation Series C Common Stock,NASDAQ,91.2,2346090.3,221385232.60050002,722,,,,
SPCH,broad,Leverage Shares 2X Long SPCX Daily ETF,BATS,11.08,21984183.2,221320588.42874998,723,,,,
WAB,broad,Wabtec Inc.,NYSE,287.54,777034.05,221213208.65399998,724,,,,
BLDR,broad,"Builders FirstSource, Inc.",NYSE,56.25,3747847.4,221150986.885,725,,,,
CHWY,broad,"Chewy, Inc.",NYSE,18.17,11017883.6,220987594.2015,726,,,,
FDXF,broad,"FedEx Freight Holding Company, Inc.",NYSE,112.89,1852068.3,220833186.03649998,727,,,,
IONS,broad,"Ionis Pharmaceuticals, Inc. Common Stock",NASDAQ,43.54,4591411.0,220185996.97200003,728,,,,
FTI,broad,TechnipFMC plc Ordinary Share,NYSE,68.82,3023141.5,219792353.6225,729,,,,
SYF,broad,SYNCHRONY FINANCIAL,NYSE,71.77,2951833.2,219011284.27350003,730,,,,
CHRW,broad,"C.H. Robinson Worldwide, Inc. Common Stock",NASDAQ,157.72,1443261.9,218927841.66749996,731,,,,
ASND,broad,Ascendis Pharma A/S Ordinary Share,NASDAQ,227.87,908036.65,217939966.302,733,,,,
CDW,broad,CDW Corporation Common Stock,NASDAQ,133.29,1520263.65,217801694.644,734,,,,
ITUB,broad,Itau Unibanco Holding S.A. American Depositary Shares,NYSE,8.59,26204432.7,217771650.603,735,,,,
VGLT,broad,Vanguard Long-Term Treasury ETF,NASDAQ,49.92,4242848.0,217727423.41599998,736,,,,
FNV,broad,Franco-Nevada Corporation,NYSE,239.3,853075.2,216893221.9495,737,,,,
TRP,broad,TC Energy Corporation,NYSE,59.07,3597894.65,216357819.6735,738,,,,
USAR,broad,"USA Rare Earth, Inc. Class A Common Stock",NASDAQ,13.59,13725705.2,215326453.26500002,739,,,,
RJF,broad,"Raymond James Financial, Inc.",NYSE,158.21,1301150.7,214579257.5415,740,,,,
KBWB,broad,Invesco Exchange-Traded Fund Trust II Invesco KBW Bank ETF,NASDAQ,87.58,2355581.6,214383591.933,741,,,,
TAP,broad,Molson Coors Beverage Company Class B,NYSE,36.86,5690900.0,214205890.57700002,743,,,,
GPN,broad,"Global Payments, Inc.",NYSE,78.38,2493102.6,213879961.5985,744,,,,
ETHU,broad,2x Ether ETF,BATS,29.81,7525175.45,213372440.21324998,745,,,,
PL,broad,Planet Labs PBC,NYSE,17.5,12450555.95,212536007.958,746,,,,
DK,broad,"Delek US Holdings, Inc.",NYSE,74.19,2878967.0,212308325.993,747,,,,
IOVA,broad,"Iovance Biotherapeutics, Inc. Common Stock",NASDAQ,14.215,18419835.7,212208784.1405,748,,,,
LSCC,broad,Lattice Semiconductor Corporation Common Stock,NASDAQ,134.0,1792632.1,212106697.7925,749,,,,
OVV,broad,Ovintiv Inc.,NYSE,60.34,3412316.85,211999487.4425,750,,,,
SCHH,broad,Schwab U.S. REIT ETF,ARCA,21.95,9370823.0,211860955.68699998,751,,,,
IXUS,broad,iShares Core MSCI Total International Stock ETF,NASDAQ,95.58,2202602.9,211781916.222,752,,,,
EXR,broad,"Extra Space Storage, Inc.",NYSE,133.25,1558676.85,211527411.5835,753,,,,
VEU,broad,Vanguard FTSE All-World Ex-US ETF,ARCA,83.45,2510278.1,211506415.22349998,754,,,,
TRU,broad,TransUnion,NYSE,63.44,2972607.6,210774457.73499998,755,,,,
SCCO,broad,Southern Copper Corporation,NYSE,205.54,1050606.1,209972774.069,756,,,,
BITX,broad,2x Bitcoin ETF,BATS,19.92,11158781.95,208997286.528,757,,,,
TD,broad,Toronto Dominion Bank,NYSE,117.88,1738196.5,208649659.9395,758,,,,
IWB,broad,iShares Russell 1000 ETF,ARCA,420.21,499403.1,208380541.4745,759,,,,
VG,broad,"Venture Global, Inc.",NYSE,13.13,14778921.95,207934176.372,760,,,,
PHM,broad,"Pultegroup, Inc.",NYSE,115.73,1753026.75,207365679.53599998,761,,,,
CAVA,broad,"CAVA Group, Inc.",NYSE,54.41,3891860.45,207009331.4865,762,,,,
TZA,broad,Direxion Daily Small Cap Bear 3x ETF,ARCA,45.77,4666019.2,206995279.398,763,,,,
BBIO,broad,"BridgeBio Pharma, Inc. Common Stock",NASDAQ,67.25,3020549.1,206623531.972,764,,,,
CELH,broad,"Celsius Holdings, Inc. Common Stock",NASDAQ,26.75,7352808.4,206371724.8245,765,,,,
CP,broad,Canadian Pacific Kansas City Limited,NYSE,85.94,2353486.35,206358218.2465,766,,,,
WCN,broad,"Waste Connections, Inc.",NYSE,153.82,1317811.15,205959109.4455,767,,,,
ZBH,broad,"Zimmer Biomet Holdings, Inc.",NYSE,88.29,2206368.65,205645721.56399998,768,,,,
IGIB,broad,iShares Trust iShares 5-10 Year Investment Grade Corporate Bond ETF,NASDAQ,50.15,4038280.4,205350081.76525003,769,,,,
EFV,broad,iShares MSCI EAFE Value ETF,BATS,78.49,2542306.25,205091795.837,770,,,,
ITB,broad,iShares U.S. Home Construction ETF,BATS,86.64,2296884.75,204013663.252,771,,,,
SGI,broad,Somnigroup International Inc.,NYSE,61.97,3150553.45,204006206.657,772,,,,
TECK,broad,Teck Resources Limited,NYSE,68.56,3047063.85,203984805.285,773,,,,
XPO,broad,"XPO, Inc.",NYSE,186.09,1136593.0,203961740.4585,774,,,,
NTR,broad,Nutrien Ltd. Common Shares,NYSE,70.06,2688972.1,203385626.352,775,,,,
EXPD,broad,"Expeditors International of Washington, Inc.",NYSE,192.47,1074517.3,203340107.74550003,776,,,,
MOS,broad,The Mosaic Company,NYSE,21.07,8401892.1,202975711.3585,777,,,,
TXRH,broad,"Texas Roadhouse, Inc. Common Stock",NASDAQ,156.14,1204856.65,201463145.099,779,,,,
CAG,broad,"Conagra Brands, Inc.",NYSE,13.36,13992380.55,200985550.5635,780,,,,
AUR,broad,"Aurora Innovation, Inc. Class A Common Stock",NASDAQ,5.67,32662322.8,200663985.272,781,,,,
HLN,broad,Haleon plc American Depositary Shares (Each representing two Ordinary Shares),NYSE,8.8,21789515.95,200514972.7105,782,,,,
FRO,broad,Frontline Plc,NYSE,52.74,4016664.55,200499433.8265,783,,,,
KGC,broad,Kinross Gold Corporation,NYSE,24.06,7474388.95,200400407.1165,784,,,,
AS,broad,"Amer Sports, Inc.",NYSE,27.17,7279270.1,199867324.7235,785,,,,
INCY,broad,Incyte Corp. Common Stock,NASDAQ,115.3,1621114.0,199710099.397,786,,,,
RGEN,broad,Repligen Corporation Common Stock,NASDAQ,181.7,1107171.5,199406078.5755,787,,,,
BN,broad,Brookfield Corporation,NYSE,36.92,5320939.4,199072445.9,788,,,,
ARKG,broad,ARK Genomic Revolution ETF,BATS,54.0,3913913.05,198969008.674,789,,,,
CORT,broad,Corcept Therapeutics Incorporated Common Stock,NASDAQ,116.23,1764310.25,198144320.821,790,,,,
AMKR,broad,"Amkor Technology, Inc. Common Stock",NASDAQ,56.02,3890719.15,198135012.4835,791,,,,
NVMI,broad,Nova Ltd. Ordinary Shares,NASDAQ,396.12,548521.3,198091536.80699998,792,,,,
WYNN,broad,"Wynn Resorts, Limited Common stock",NASDAQ,75.88,2390966.5,198008943.39025,793,,,,
GTLB,broad,GitLab Inc. Class A Common Stock,NASDAQ,49.78,4092000.0,197728454.4935,794,,,,
S,broad,"SentinelOne, Inc.",NYSE,25.06,8666060.9,197679664.418,795,,,,
ZBRA,broad,Zebra Technologies Corporation Class A Common Stock,NASDAQ,375.86,552365.1,197547573.838,796,,,,
IT,broad,"Gartner, Inc.",NYSE,184.8,1071288.15,197362629.13099998,797,,,,
SPIB,broad,State Street SPDR Portfolio Intermediate Term Corporate Bond ETF,ARCA,32.18,6064488.1,197227809.1685,798,,,,
SIMO,broad,Silicon Motion Technology Corporation American Depositary Shares,NASDAQ,280.5,736503.75,196403819.3265,799,,,,
AEE,broad,Ameren Corporation,NYSE,99.94,1923555.05,195973569.73400003,800,,,,
NBIX,broad,"Neurocrine Biosciences, Inc. Common Stock",NASDAQ,143.18,1344720.65,195904298.214,801,,,,
SW,broad,Smurfit WestRock plc,NYSE,42.54,4406041.95,195888956.95250002,802,,,,
VO,broad,Vanguard Morningstar Mid-Cap ETF,ARCA,79.59,2443849.4,195551102.2315,803,,,,
FBND,broad,Fidelity Total Bond ETF,ARCA,43.28,4446808.85,195466073.9295,804,,,,
TSN,broad,"Tyson Foods, Inc.",NYSE,51.89,3763780.65,195364875.5385,805,,,,
HST,broad,"Host Hotels & Resorts, Inc. Common Stock",NASDAQ,22.56,8782032.3,194988081.73499998,806,,,,
THC,broad,Tenet Healthcare Corporation New,NYSE,258.62,747225.2,194933495.65449998,807,,,,
FE,broad,FirstEnergy Corp.,NYSE,43.34,4347906.8,194577984.6,808,,,,
CORZ,broad,"Core Scientific, Inc. Common Stock",NASDAQ,16.45,11201516.5,194323867.228,809,,,,
RPRX,broad,Royalty Pharma plc Class A Ordinary Shares,NASDAQ,57.16,3281828.5,193863436.07950002,810,,,,
CPAY,broad,"Corpay, Inc.",NYSE,394.6,484544.8,193531062.7505,811,,,,
KMX,broad,CarMax Inc.,NYSE,54.92,3344634.2,193427852.9425,812,,,,
INFY,broad,Infosys Limited American Depositary Shares,NYSE,11.04,17549443.15,193361856.162,813,,,,
CCEP,broad,Coca-Cola Europacific Partners plc Ordinary Shares,NASDAQ,101.06,1887721.45,192506984.578,814,,,,
SEI,broad,"Solaris Energy Infrastructure, Inc.",NYSE,74.93,2853310.15,191712975.2435,815,,,,
KTOS,broad,"Kratos Defense & Security Solutions, Inc. Common Stock",NASDAQ,43.07,4157041.75,191366320.058,816,,,,
CART,broad,Maplebear Inc. Common Stock,NASDAQ,44.25,4202682.5,191343860.299,817,,,,
XHB,broad,State Street SPDR S&P Homebuilders ETF,ARCA,96.7,1950302.05,190568645.042,818,,,,
VYM,broad,Vanguard High Dividend Yield ETF,ARCA,156.46,1192118.4,189771000.665,819,,,,
EVRG,broad,"Evergy, Inc. Common Stock",NASDAQ,79.17,2378118.15,189532750.271,820,,,,
OWL,broad,Blue Owl Capital Inc.,NYSE,9.08,19007113.45,188981684.2905,821,,,,
PPG,broad,"PPG Industries, Inc.",NYSE,105.15,1775001.8,188396840.6685,822,,,,
IP,broad,International Paper Co.,NYSE,31.97,5461644.15,188211977.268,823,,,,
UNM,broad,Unum Group,NYSE,88.57,2009019.4,187842558.4305,824,,,,
ET,broad,Energy Transfer LP Common Units representing limited partner interests,NYSE,20.47,9046807.7,187721389.54500002,825,,,,
PULS,broad,PGIM Ultra Short Bond ETF,ARCA,49.47,3783505.4,187567658.155,826,,,,
MKC,broad,"McCormick & Company, Incorporated Non-VTG CS",NYSE,44.67,3859729.95,186893091.85250002,827,,,,
NTRS,broad,Northern Trust Corporation Common Stock,NASDAQ,171.4,1051363.25,186657734.7815,828,,,,
DY,broad,"Dycom Industries, Inc.",NYSE,273.75,648778.25,184797013.7345,829,,,,
SDS,broad,ProShares UltraShort S&P500,ARCA,53.59,3388044.6,184757439.20450002,830,,,,
ITA,broad,iShares U.S. Aerospace & Defense ETF,BATS,207.79,858768.45,183947674.926,831,,,,
ANF,broad,Abercrombie & Fitch Co.,NYSE,135.91,1313904.9,183691402.065,832,,,,
PRU,broad,"Prudential Financial, Inc.",NYSE,112.6,1558546.25,182980414.5645,833,,,,
CM,broad,Canadian Imperial Bank of Commerce,NYSE,111.02,1608053.55,182621765.368,834,,,,
IRM,broad,Iron Mountain Inc.,NYSE,113.39,1605401.65,182529433.5645,835,,,,
BUD,broad,Anheuser-Busch INBEV SA/NV,NYSE,73.43,2347559.75,182022331.973,836,,,,
Q,broad,"Qnity Electronics, Inc.",NYSE,131.48,1490253.4,181904687.36900002,837,,,,
UL,broad,Unilever plc,NYSE,59.7,2924397.25,181338818.64249998,838,,,,
LII,broad,Lennox International Inc.,NYSE,356.3,494325.75,181235871.054,839,,,,
ITT,broad,ITT Inc.,NYSE,206.17,888406.0,181154161.4575,840,,,,
EMXC,broad,"iShares, Inc. iShares MSCI Emerging Markets ex China ETF",NASDAQ,101.29,1803712.6,180519353.26749998,841,,,,
ICLR,broad,ICON plc Ordinary Shares,NASDAQ,162.05,1071356.05,180274607.79650003,843,,,,
LNT,broad,Alliant Energy Corporation Common Stock,NASDAQ,64.33,2771002.65,180190435.5385,844,,,,
CHD,broad,"Church & Dwight Co., Inc.",NYSE,94.31,1890636.55,179805597.5505,845,,,,
RRX,broad,Regal Rexnord Corporation,NYSE,159.87,1161623.15,179598652.9325,846,,,,
CSGP,broad,"CoStar Group, Inc. Common Stock",NASDAQ,27.38,6175417.55,179570478.83775002,847,,,,
GFS,broad,GlobalFoundries Inc. Ordinary Shares,NASDAQ,50.17,3843771.15,179427929.62,848,,,,
METU,broad,Direxion Shares ETF Trust Direxion Daily META Bull 2X ETF,NASDAQ,30.82,6134132.9,178954785.26825002,849,,,,
IWO,broad,iShares Russell 2000 Growth ETF,ARCA,360.84,489161.1,177465822.3445,850,,,,
AG,broad,FIRST MAJESTIC SILVER CORP,NYSE,17.67,9245434.1,176695909.394,851,,,,
ES,broad,Eversource Energy,NYSE,64.5,2638049.15,175491871.104,852,,,,
VTIP,broad,Vanguard Malvern Funds Vanguard Short-Term Inflation-Protected Securities Index Fund ETF Shares,NASDAQ,48.375,3559673.1,175474572.40325,853,,,,
WCC,broad,Wesco International Inc.,NYSE,381.73,494089.7,175442632.70049998,854,,,,
DYNF,broad,iShares U.S. Equity Factor Rotation Active ETF,ARCA,69.97,2517275.8,175244566.3055,855,,,,
JAZZ,broad,Jazz Pharmaceuticals plc Common Stock (Ireland),NASDAQ,235.67,731094.7,174656395.9975,857,,,,
CSL,broad,"Carlisle Companies, Inc.",NYSE,329.34,536047.15,174477002.65150002,858,,,,
EQH,broad,"Equitable Holdings, Inc.",NYSE,52.64,3286464.2,174242330.4025,859,,,,
CIBR,broad,First Trust Exchange-Traded Fund II First Trust NASDAQ Cybersecurity ETF,NASDAQ,104.7,1722512.05,173886108.2475,860,,,,
TCOM,broad,Trip.com Group Limited American Depositary Shares,NASDAQ,38.09,4373373.8,173676512.20250002,861,,,,
GSK,broad,GSK plc American Depositary Shares (Each representing two Ordinary Shares),NYSE,47.03,3524247.8,173154370.98250002,862,,,,
APTV,broad,Aptiv PLC,NYSE,43.54,3905501.05,173065074.17549998,863,,,,
BWIN,broad,"The Baldwin Insurance Group, Inc. Class A Common Stock",NASDAQ,31.77,5422622.0,172872116.40350002,864,,,,
BNS,broad,Bank of Nova Scotia,NYSE,91.19,1862992.1,172765589.531,865,,,,
RIO,broad,Rio Tinto plc,NYSE,94.21,1784413.1,172751929.4405,866,,,,
USMV,broad,iShares MSCI USA Min Vol Factor ETF,BATS,98.21,1747309.65,172622776.257,867,,,,
BR,broad,Broadridge Financial Solutions Inc,NYSE,156.93,1043489.65,172475105.215,868,,,,
BROS,broad,Dutch Bros Inc.,NYSE,38.67,4247399.3,172399396.839,869,,,,
SBAC,broad,SBA Communications Corporation Class A Common Stock,NASDAQ,158.49,980762.5,171855534.73250002,870,,,,
OSCR,broad,"Oscar Health, Inc.",NYSE,30.94,5467830.3,171735819.36200002,871,,,,
NXT,broad,Nextpower Inc. Common Stock,NASDAQ,84.3,2109433.45,171468677.74650002,872,,,,
AHR,broad,"American Healthcare REIT, Inc.",NYSE,50.75,3252770.2,170816905.79500002,873,,,,
ESTC,broad,Elastic N.V.,NYSE,93.94,1938331.15,170812938.28,874,,,,
MGM,broad,MGM RESORTS INTERNATIONAL,NYSE,30.48,4902276.9,170789557.6745,875,,,,
WTW,broad,Willis Towers Watson Public Limited Company Ordinary Shares,NASDAQ,288.61,559071.5,170783227.4845,876,,,,
BJ,broad,"BJs Wholesale Club Holdings, Inc. Common Stock",NYSE,94.96,1831717.1,170025093.956,878,,,,
RACE,broad,Ferrari N.V.,NYSE,388.33,419668.8,169633589.8285,879,,,,
TDY,broad,Teledyne Technologies Incorporated,NYSE,617.17,278932.65,169360152.54950002,880,,,,
DBX,broad,"Dropbox, Inc. Class A Common Stock",NASDAQ,33.9,4865671.3,168972879.917,881,,,,
SCHP,broad,Schwab U.S. TIPS ETF,ARCA,25.1,6636391.2,168697151.01,882,,,,
JCPB,broad,JPMorgan Core Plus Bond ETF,ARCA,44.58,3736561.7,168647440.125,883,,,,
ATO,broad,Atmos Energy Corporation,NYSE,157.17,1051712.1,168493828.15150002,884,,,,
CNI,broad,Canadian National Railway,NYSE,119.77,1393007.8,168377857.615,885,,,,
HNGE,broad,"Hinge Health, Inc.",NYSE,97.67,1798125.25,168159912.0095,886,,,,
PAYC,broad,"PAYCOM SOFTWARE, INC.",NYSE,220.99,753886.45,168087890.013,887,,,,
CRBG,broad,"Corebridge Financial, Inc.",NYSE,34.03,4904883.85,167873967.70250002,888,,,,
XME,broad,State Street SPDR S&P Metals & Mining ETF,ARCA,105.74,1524786.85,167642467.8475,889,,,,
BWXT,broad,"BWX Technologies, Inc.",NYSE,134.86,1162565.25,167388702.8365,890,,,,
AVUV,broad,Avantis U.S. Small Cap Value ETF,ARCA,120.03,1373417.25,167092780.797,891,,,,
XP,broad,XP Inc. Class A Common Stock,NASDAQ,21.5,8240584.6,166935518.375,892,,,,
VLTO,broad,Veralto Corporation,NYSE,94.68,1750569.25,166852616.0215,893,,,,
ZETA,broad,Zeta Global Holdings Corp.,NYSE,32.63,5428300.7,166474144.6285,894,,,,
NVTS,broad,Navitas Semiconductor Corporation Common Stock,NASDAQ,12.4,14213427.45,166234271.45,895,,,,
ERY,broad,Direxion Daily Energy Bear 2X ETF,ARCA,9.09,18413517.85,166197757.4765,896,,,,
ENPH,broad,"Enphase Energy, Inc. Common Stock",NASDAQ,33.47,4811599.55,166156681.49,897,,,,
EQNR,broad,"Equinor ASA American Depositary Shares (Each Representing One Ordinary Share, nominal value NOK 2.50 per share)",NYSE,42.56,3834953.15,165858381.4285,898,,,,
TROW,broad,"T. Rowe Price Group, Inc. Common Stock",NASDAQ,104.62,1574551.8,165476919.658,899,,,,
ARWR,broad,"Arrowhead Pharmaceuticals, Inc. Common Stock",NASDAQ,64.19,2342997.5,165336949.1355,900,,,,
BAX,broad,Baxter International Inc.,NYSE,23.49,6996254.4,165332901.17150003,901,,,,
MAS,broad,Masco Corporation,NYSE,68.36,2408631.55,165329361.74,902,,,,
FIGR,broad,"Figure Technology Solutions, Inc. Class A Common Stock",NASDAQ,28.53,4920747.55,164990709.38475,903,,,,
AER,broad,Aercap Holdings N.V.,NYSE,144.34,1150210.55,164764600.481,904,,,,
RGLD,broad,"Royal Gold, Inc. Common Stock",NASDAQ,234.64,661341.9,164739464.893,905,,,,
AMRZ,broad,Amrize Ltd,NYSE,37.26,4183789.0,163393922.48250002,906,,,,
TENB,broad,"Tenable Holdings, Inc. Common Stock",NASDAQ,36.85,4743915.85,163368277.246,907,,,,
AMDL,broad,GraniteShares ETF Trust GraniteShares 2x Long AMD Daily ETF,NASDAQ,84.54,2374965.3,163074657.88525,908,,,,
JKHY,broad,"Jack Henry & Associates, Inc. Common Stock",NASDAQ,142.54,1060609.45,162928120.22100002,909,,,,
CACI,broad,CACI INTERNATIONAL CLA,NYSE,615.04,260802.45,162327977.809,910,,,,
AGX,broad,"Argan, Inc",NYSE,383.83,417338.55,161794239.7425,912,,,,
ALLE,broad,Allegion Public Limited Company,NYSE,154.21,1051330.55,161606914.50599998,913,,,,
EG,broad,"Everest Group, Ltd.",NYSE,368.27,433578.25,161562878.645,914,,,,
CGDV,broad,Capital Group Dividend Value ETF,ARCA,49.2,3279084.0,161438277.379,915,,,,
LDOS,broad,"Leidos Holdings, Inc.",NYSE,117.74,1271755.15,161236265.22100002,916,,,,
PFG,broad,Principal Financial Group Inc Common Stock,NASDAQ,111.96,1397399.35,161028066.60125,917,,,,
AVEM,broad,Avantis Emerging Markets Equity ETF,ARCA,95.41,1695094.65,160981933.0395,918,,,,
DUOL,broad,"Duolingo, Inc. Class A Common Stock",NASDAQ,144.27,1104235.45,160870060.0215,919,,,,
TOL,broad,"Toll Brothers, Inc.",NYSE,136.61,1188199.9,160785270.168,920,,,,
CPB,broad,The Campbell's Company Common Stock,NASDAQ,19.62,7788547.15,160735563.0495,921,,,,
COMP,broad,"Compass, Inc.",NYSE,9.22,16418901.65,160713556.079,922,,,,
DOG,broad,ProShares Short Dow30,ARCA,22.18,7294927.7,160608978.0785,923,,,,
VTWO,broad,Vanguard Scottsdale Funds Vanguard Russell 2000 ETF,NASDAQ,113.7,1394834.6,160356615.103,925,,,,
FORM,broad,"FormFactor, Inc. FormFactor, Inc. Common Stock",NASDAQ,149.15,1283404.6,159847007.1915,926,,,,
RBC,broad,RBC Bearings Incorporated,NYSE,515.56,322485.5,159744039.52,927,,,,
SJM,broad,The J.M. Smucker Company,NYSE,117.19,1308763.4,159113491.574,928,,,,
ACVA,broad,ACV Auctions Inc.,NYSE,10.45,15679721.95,158798346.3355,929,,,,
SWK,broad,"Stanley Black & Decker, Inc.",NYSE,91.34,1757527.05,158620909.074,930,,,,
PAAS,broad,Pan American Silver Corp.,NYSE,45.51,3242899.35,158035790.11400002,931,,,,
SPHY,broad,State Street SPDR Portfolio High Yield Bond ETF,ARCA,22.48,6937291.05,157920290.5185,932,,,,
CHKP,broad,Check Point Software Technologies Ltd. Ordinary Shares,NASDAQ,130.35,1169444.55,157240908.866,933,,,,
HAS,broad,"Hasbro, Inc. Common Stock",NASDAQ,89.54,1769600.8,157221593.5125,934,,,,
HSBC,broad,HSBC Holdings PLC,NYSE,96.14,1553042.4,157153361.125,935,,,,
EQX,broad,Equinox Gold Corp.,AMEX,11.11,13116140.75,156999870.075,936,,,,
LABD,broad,Direxion Daily S&P Biotech Bear 3X ETF,ARCA,7.49,21652247.3,156287921.317,937,,,,
BIV,broad,Vanguard Intermediate-Term Bond ETF,ARCA,72.61,2113979.05,155685128.882,938,,,,
VTRS,broad,Viatris Inc. Common Stock,NASDAQ,17.6,9023179.8,155561533.3675,940,,,,
JOBY,broad,"Joby Aviation, Inc.",NYSE,5.95,24735616.85,155519169.597,941,,,,
TXT,broad,"Textron, Inc.",NYSE,77.26,1971305.65,155201449.2615,942,,,,
SPYI,broad,NEOS S&P 500 High Income ETF,BATS,53.6,2892453.6,154369796.746,943,,,,
BTSG,broad,"BrightSpring Health Services, Inc. Common Stock",NASDAQ,60.25,2663324.7,154330163.6495,944,,,,
VB,broad,Vanguard Morningstar Small-Cap ETF,ARCA,288.99,529389.0,153598408.5505,945,,,,
ESI,broad,Element Solutions Inc.,NYSE,37.93,4444578.15,153272935.7135,947,,,,
GRAL,broad,"GRAIL, Inc. Common Stock",NASDAQ,143.26,1461719.25,153179783.329,948,,,,
WY,broad,Weyerhaeuser Company,NYSE,18.47,7356637.9,153063688.8,949,,,,
BWA,broad,BorgWarner Inc.,NYSE,60.52,2454398.05,152917933.903,950,,,,
INVH,broad,Invitation Homes Inc. Common Stock,NYSE,26.04,5641458.9,152813498.5035,951,,,,
MAA,broad,"Mid-America Apartment Communities, Inc.",NYSE,115.27,1267022.3,152776577.912,952,,,,
MEDP,broad,"Medpace Holdings, Inc. Common Stock",NASDAQ,599.47,250102.4,152705855.6975,953,,,,
STRC,broad,Strategy Inc Variable Rate Series A Perpetual Stretch Preferred Stock,NASDAQ,99.41,1546552.9,152495774.3405,954,,,,
FROG,broad,JFrog Ltd. Ordinary Shares,NASDAQ,95.5,1653715.95,151408454.7885,955,,,,
BRO,broad,"Brown & Brown, Inc.",NYSE,59.91,2354088.4,150677688.9785,956,,,,
MTN,broad,"Vail Resorts, Inc.",NYSE,141.16,1087270.5,150446434.974,957,,,,
ALLY,broad,Ally Financial Inc.,NYSE,37.91,3774330.95,150382177.76749998,958,,,,
GFI,broad,Gold Fields Ltd ADR,NYSE,35.62,3704348.45,150334119.7425,959,,,,
IVE,broad,iShares S&P 500 Value ETF,ARCA,229.62,646273.75,150023808.44300002,960,,,,
TRI,broad,Thomson Reuters Corporation Common Shares,NASDAQ,97.62,1521613.8,149901265.51225,961,,,,
AR,broad,ANTERO RESOURCES CORPORATION,NYSE,34.08,4175868.5,149770865.4585,962,,,,
LQDA,broad,Liquidia Corporation Common Stock,NASDAQ,28.64,3713096.8,149676755.488,963,,,,
SFM,broad,"Sprouts Farmers Market, Inc. Common Stock",NASDAQ,64.47,2168104.05,149640785.1775,964,,,,
ESS,broad,"Essex Property Trust, Inc",NYSE,268.65,548697.05,149528259.33900002,965,,,,
BNO,broad,"United States Brent Oil Fund, LP",ARCA,63.1,2458547.7,149497345.8625,966,,,,
BAM,broad,Brookfield Asset Management Ltd.,NYSE,44.85,3247452.95,149378386.6975,967,,,,
UDR,broad,"UDR, Inc.",NYSE,33.27,4333111.2,149201402.412,968,,,,
SCO,broad,ProShares UltraShort Bloomberg Crude Oil,ARCA,19.47,7324627.05,149034213.008,969,,,,
HEI,broad,HEICO Corporation,NYSE,302.45,485533.7,149007813.293,970,,,,
KRMN,broad,Karman Holdings Inc.,NYSE,34.14,4225460.85,148735737.889,972,,,,
GGLL,broad,Direxion Shares ETF Trust Direxion Daily GOOGL Bull 2X ETF,NASDAQ,99.06,1499974.8,148714663.458,973,,,,
SM,broad,SM Energy Company,NYSE,35.24,4082442.65,148588335.35349998,974,,,,
RDW,broad,Redwire Corporation,NYSE,10.88,13461680.3,148153976.5,975,,,,
IFF,broad,International Flavors & Fragrances Inc.,NYSE,82.42,1753978.75,148051598.6615,976,,,,
SPY,core,State Street SPDR S&P 500 ETF Trust,ARCA,769.64,46195427.85,35314476165.209496,1,879.0,1459.9999999999998,2026-09-15,S&P 500
MU,core,"Micron Technology, Inc. Common Stock",NASDAQ,1074.89,26440777.5,27205033081.4775,2,36.0,2906.999999999999,2026-03-20,
NVDA,core,NVIDIA Corporation Common Stock,NASDAQ,233.95,111370301.25,24953766671.715,3,261.0,724.9999999999998,2026-09-22,
QQQ,core,"Invesco QQQ Trust, Series 1",NASDAQ,749.58,34041038.55,24794673759.044,4,1541.0,8340.0,2026-09-25,Nasdaq 100
META,core,"Meta Platforms, Inc. Class A Common Stock",NASDAQ,728.08,23708085.85,16661615963.982502,5,291.0,8739.000000000002,2026-08-26,
AAPL,core,Apple Inc. Common Stock,NASDAQ,333.69,42399323.3,14042666307.6595,8,329.0,-3821.000000000001,2026-09-16,
TSLA,core,"Tesla, Inc. Common Stock",NASDAQ,370.59,38381817.75,13992698320.449,9,301.0,-1170.0,2026-09-21,
AMD,core,"Advanced Micro Devices, Inc. Common Stock",NASDAQ,633.91,22732993.8,12903419697.57675,10,250.0,978.9999999999991,2026-05-15,
INTC,core,Intel Corporation Common Stock,NASDAQ,119.33,112087902.65,12548646874.622501,11,67.0,-745.0,2026-09-18,
MSFT,core,Microsoft Corporation Common Stock,NASDAQ,517.53,21338576.55,10724327594.286,12,114.0,-3837.9999999999995,2026-07-10,
AVGO,core,Broadcom Inc. Common Stock,NASDAQ,355.14,25076200.5,8886020349.965,14,41.0,-2075.0,2026-06-29,
AMZN,core,"Amazon.com, Inc. Common Stock",NASDAQ,251.52,35221066.05,8863393005.206999,15,83.0,4712.0,2026-08-27,
IWM,core,iShares Russell 2000 ETF,ARCA,281.52,24309413.3,6916123087.997999,18,20.0,-1230.0,2026-07-21,Small caps / breadth
GOOG,core,Alphabet Inc. Class C Capital Stock,NASDAQ,340.35,17900895.85,6079779321.1705,20,43.0,134.9999999999996,2026-07-27,
ORCL,core,Oracle Corp,NYSE,142.3,36289399.35,5305991617.485,21,2.0,-201.0,2022-03-11,
LITE,core,Lumentum Holdings Inc. Common Stock,NASDAQ,1085.42,4906348.15,4650128895.23825,25,1.0,-105.0,2026-04-17,
PLTR,core,Palantir Technologies Inc. Class A Common Stock,NASDAQ,188.75,23060433.1,4146699746.322,28,94.0,824.0,2026-09-10,
TLT,core,iShares 20 Year Treasury Bond ETF,NASDAQ,77.48,47773341.55,3809652457.542,30,2.0,-82.0,2022-05-23,Long bonds
GLD,core,"SPDR Gold Trust, SPDR Gold Shares",ARCA,380.14,8815475.75,3463646262.068,37,14.0,-916.0,2026-05-14,Gold
MSTR,core,Strategy Inc Common Stock Class A,NASDAQ,160.01,22758462.2,3399923282.6315,39,4.0,-323.0,2026-05-21,
CRM,core,"Salesforce, Inc.",NYSE,234.69,12089459.8,2916437708.9119997,41,5.0,-186.0,2026-07-23,
JPM,core,JPMorgan Chase & Co.,NYSE,332.38,8417680.15,2902562509.873,42,20.0,-561.0,2024-01-24,
CRWV,core,"CoreWeave, Inc. Class A Common Stock",NASDAQ,89.62,30695923.3,2662642572.0365,45,3.0,-87.99999999999997,2025-06-18,
NFLX,core,"Netflix, Inc. Common Stock",NASDAQ,67.06,35810297.35,2612591266.6607504,47,115.0,-4989.0,2026-07-09,
HOOD,core,"Robinhood Markets, Inc. Class A Common Stock",NASDAQ,112.74,22436712.4,2591653685.3305,49,14.0,405.0,2026-09-10,
MRNA,core,"Moderna, Inc. Common Stock",NASDAQ,190.01,14554877.55,2488762512.8995,51,46.0,-2278.0,2024-01-23,
WMT,core,Walmart Inc. Common Stock,NASDAQ,104.26,22336780.8,2390167119.547,53,237.0,74.99999999999989,2026-04-02,
PANW,core,"Palo Alto Networks, Inc. Common Stock",NASDAQ,403.24,6278909.85,2330690889.741,56,23.0,926.0,2023-11-09,
XOM,core,ExxonMobil Holdings Corporation,NYSE,164.01,14117182.75,2297958474.0334997,57,8.0,139.99999999999994,2023-09-29,
V,core,VISA Inc.,NYSE,360.66,6137187.05,2255154020.719,58,3.0,-165.00000000000003,2022-01-13,
BAC,core,Bank of America Corporation,NYSE,53.75,38923350.25,2251307066.4495,60,36.0,38.0,2022-01-13,
COST,core,Costco Wholesale Corporation Common Stock,NASDAQ,920.65,2418001.5,2195379830.8895,62,9.0,-1099.0,2023-10-12,
XLF,core,State Street Financial Select Sector SPDR ETF,ARCA,53.49,38017440.5,2105121770.096,64,5.0,-30.0,2023-12-14,Financials
UNH,core,UNITEDHEALTH GROUP INCORPORATED (Delaware),NYSE,371.9,5094415.4,1936337274.6994998,70,29.0,-657.0000000000001,2026-01-30,
CAT,core,Caterpillar Inc.,NYSE,845.42,2335057.4,1893231134.5395,71,4.0,-87.0,2022-04-13,
GDX,core,VanEck Gold Miners ETF,ARCA,87.78,20274289.35,1891670932.404,72,49.0,-701.0,2025-12-11,
COIN,core,"Coinbase Global, Inc. Class A Common Stock",NASDAQ,183.0,9651206.45,1791202438.0540001,73,99.0,-2268.0,2026-08-03,
DIA,core,State Street SPDR Dow Jones Industrial Average ETF Trust,ARCA,511.1,3439099.05,1781522354.5674999,74,7.0,-101.0,2023-04-03,Dow
JNJ,core,Johnson & Johnson,NYSE,256.03,6623910.35,1769932494.7970002,75,5.0,-35.000000000000014,2022-04-27,
ARM,core,Arm Holdings plc American Depositary Shares,NASDAQ,307.49,5955386.15,1721725400.1675,78,14.0,-1596.0,2026-05-14,
BA,core,Boeing Company,NYSE,193.56,8460437.95,1663427820.3685,80,137.0,2207.000000000001,2026-07-21,
NKE,core,"Nike, Inc.",NYSE,33.87,43992009.5,1574430506.231,87,2.0,10.0,2023-10-27,
MA,core,Mastercard Incorporated,NYSE,552.26,2758074.3,1555075450.141,89,4.0,64.0,2022-02-02,
SMCI,core,"Super Micro Computer, Inc. Common Stock",NASDAQ,43.69,38476878.65,1550425151.098,90,3.0,-462.0,2024-05-24,
HD,core,"Home Depot, Inc.",NYSE,282.85,5137235.75,1529983971.7985,92,7.0,-80.0,2022-04-06,
MCD,core,McDonald's Corporation,NYSE,231.89,6128817.15,1492397356.5205,97,155.0,779.0,2026-08-03,
SNOW,core,Snowflake Inc.,NYSE,341.04,4428110.1,1479680294.8385,98,8.0,-82.0,2025-04-07,
SHOP,core,Shopify Inc. Class A subordinate voting shares,NASDAQ,151.39,10472482.65,1448412693.6465,99,23.0,-1112.0,2024-06-14,
RKLB,core,Rocket Lab Corporation Common Stock,NASDAQ,73.92,21289162.35,1447388330.8315,100,17.0,466.9999999999999,2026-08-20,
MRK,core,"Merck & Co., Inc.",NYSE,144.3,9832995.25,1445140329.4185,101,40.0,-603.0,2022-12-08,
KO,core,Coca-Cola Company,NYSE,85.65,15933890.25,1396697356.873,107,3.0,-17.0,2019-03-13,
IBM,core,International Business Machines Corporation,NYSE,222.64,5936758.95,1378208641.157,108,6.0,-250.0,2025-06-13,
UBER,core,"Uber Technologies, Inc.",NYSE,68.11,19149936.35,1355127968.58,113,3.0,-25.0,2026-07-21,
C,core,Citigroup Inc.,NYSE,128.5,9785004.15,1303624950.426,119,8.0,275.00000000000006,2024-01-19,
PEP,core,"PepsiCo, Inc. Common Stock",NASDAQ,125.89,9225829.2,1215560864.9135,126,4.0,-151.0,2021-05-27,
PG,core,Procter & Gamble Company,NYSE,144.91,8006412.0,1168614677.7914999,132,1.0,-22.0,2024-01-25,
ABBV,core,ABBVIE INC.,NYSE,262.82,4280728.05,1116463868.125,136,1.0,-18.0,2019-03-04,
KRE,core,State Street SPDR S&P Regional Banking ETF,ARCA,70.78,15385798.1,1106255695.093,140,64.0,444.9999999999997,2026-08-05,Regional banks
NU,core,Nu Holdings Ltd.,NYSE,13.43,76256548.0,1048130527.2885001,142,1.0,-30.0,2022-03-02,
USO,core,"United States Oil Fund, LP",ARCA,147.37,6573997.25,993042630.3735001,156,62.0,-1077.0000000000002,2026-03-25,Oil
T,core,AT&T Inc.,NYSE,24.3,38043441.25,965607037.095,157,30.0,140.99999999999997,2026-09-16,
AAL,core,American Airlines Group Inc. Common Stock,NASDAQ,12.94,71002863.85,934666543.7074999,164,11.0,-375.00000000000006,2022-08-12,
NOK,core,Nokia Corporation,NYSE,10.6,87244430.6,912700236.667,168,8.0,-100.0,2021-03-19,
DIS,core,The Walt Disney Company,NYSE,102.19,8665570.3,908535190.2049999,171,43.0,2757.0,2024-01-04,
PFE,core,Pfizer Inc.,NYSE,27.8,32395346.3,906552613.7365,172,8.0,-255.0,2026-03-11,
BABA,core,"Alibaba Group Holding Limited American Depositary Shares, each represents eight Ordinary Shares",NYSE,105.85,8149042.15,901193326.793,175,113.0,-1511.9999999999993,2025-10-07,
SLV,core,iShares Silver Trust,ARCA,54.74,15573146.05,897695643.0899999,176,61.0,-1330.9999999999995,2026-04-01,
RCL,core,Royal Caribbean Group,NYSE,277.74,3321444.35,831095935.8694999,192,2.0,-115.0,2023-06-16,
FCX,core,Freeport-McMoran Inc.,NYSE,72.04,11355697.4,815096613.9944999,196,2.0,14.0,2025-02-27,
ABNB,core,"Airbnb, Inc. Class A Common Stock",NASDAQ,162.43,5023138.3,814782127.2755,197,2.0,-286.0,2022-02-17,
LULU,core,lululemon athletica inc. Common Stock,NASDAQ,94.46,7403439.6,737691957.7595,217,6.0,483.0,2023-10-25,
RDDT,core,"Reddit, Inc.",NYSE,147.86,4789735.5,728170162.869,219,17.0,38.000000000000014,2026-08-19,
CVS,core,CVS HEALTH CORPORATION,NYSE,86.46,7941170.35,709369842.5804999,224,1.0,-28.000000000000004,2019-03-01,
UNP,core,Union Pacific Corp.,NYSE,278.28,2494219.65,692895608.0225,226,9.0,-490.0,2021-11-12,
EXPE,core,"Expedia Group, Inc. Common Stock",NASDAQ,265.0,2457295.2,674157324.001,230,2.0,36.0,2021-03-30,
GM,core,General Motors Company,NYSE,78.27,7864672.1,651368052.9665,237,1.0,-3.0,2023-10-06,
LMT,core,Lockheed Martin Corp.,NYSE,505.41,1230518.55,646192790.253,239,17.0,-667.0000000000001,2026-01-08,
F,core,Ford Motor Company,NYSE,12.1,48735991.1,640732702.3195,243,2.0,80.0,2021-01-22,
PYPL,core,"PayPal Holdings, Inc. Common Stock",NASDAQ,52.8,12003000.45,639489162.8989999,244,3.0,473.9999999999999,2022-01-31,
LOW,core,Lowe's Companies Inc.,NYSE,180.8,3312935.85,635643522.8835,246,8.0,-187.0,2019-11-15,
CCL,core,Carnival Corporation Ltd.,NYSE,25.76,26706033.45,618944085.7875,254,16.0,160.0,2023-08-04,
EBAY,core,eBay Inc. Common Stock,NASDAQ,106.4,5136145.8,555366211.485,279,3.0,-66.0,2025-09-11,
RBLX,core,Roblox Corporation,NYSE,44.12,12019325.0,554927906.936,280,3.0,-36.0,2022-02-11,
TGT,core,Target Corporation,NYSE,156.0,3488529.75,549627354.3675001,282,7.0,-178.0,2024-01-24,
PCG,core,PG&E Corporation,NYSE,12.32,41363254.45,543221712.2055,285,9.0,295.0,2019-01-23,
BX,core,Blackstone Inc.,NYSE,111.75,4480247.85,541204932.0855,286,5.0,43.0,2019-04-30,
MARA,core,"MARA Holdings, Inc. Common Stock",NASDAQ,11.23,44741140.35,540587814.0645001,287,26.0,424.9999999999999,2023-03-17,
MO,core,"Altria Group, Inc.",NYSE,67.35,7829029.75,539222255.6355,288,10.0,-146.99999999999994,2023-04-18,
KHC,core,The Kraft Heinz Company,NYSE,22.19,21715010.4,526355456.3295,294,7.0,-72.0,2019-08-01,
TTWO,core,"Take-Two Interactive Software, Inc. Common Stock",NASDAQ,202.73,2463211.3,514094007.855,304,1.0,-34.0,2024-06-11,
CVNA,core,Carvana Co.,NYSE,63.77,7800920.4,513510691.934,305,20.0,2084.9999999999995,2026-07-09,
MMM,core,3M Company,NYSE,161.89,3060060.55,507189744.781,311,5.0,6.000000000000002,2023-05-11,
PDD,core,PDD Holdings Inc. American Depositary Shares,NASDAQ,75.38,6387880.45,501488083.14250004,317,4.0,229.0,2025-01-23,
CMG,core,"Chipotle Mexican Grill, Inc.",NYSE,32.36,14295530.85,478195092.0400001,339,17.0,-93.99999999999996,2025-02-11,
RKT,core,"Rocket Companies, Inc.",NYSE,11.7,37560743.1,468163709.329,348,9.0,686.0,2021-05-27,
RIVN,core,"Rivian Automotive, Inc. Class A Common Stock",NASDAQ,14.3,24408734.5,371096465.11075,441,6.0,-154.0,2023-07-24,
RIOT,core,"Riot Platforms, Inc. Common Stock",NASDAQ,19.73,15992254.0,353539999.96599996,456,3.0,-520.0,2021-03-02,
ROKU,core,"Roku, Inc. Class A Common Stock",NASDAQ,152.39,2078119.05,320050930.656,506,78.0,-39.000000000000114,2026-04-02,
DKNG,core,DraftKings Inc. Class A Common Stock,NASDAQ,18.59,14314355.1,310790373.923,521,4.0,172.0,2022-03-04,
BBY,core,"Best Buy Company, Inc.",NYSE,87.97,3364886.8,306620005.3995,528,1.0,12.000000000000007,2020-12-08,
DG,core,Dollar General Corp.,NYSE,118.94,2395046.9,296440385.8855,553,14.0,-478.0,2024-05-17,
UNG,core,"United States Natural Gas Fund, LP Unit",ARCA,10.47,27459103.65,292673994.646,561,2.0,-254.0,2021-05-21,
PINS,core,"Pinterest, Inc. Class A Common Stock",NYSE,19.26,15149445.75,285197362.76549995,566,2.0,238.0,2022-05-04,
AFRM,core,"Affirm Holdings, Inc. Class A Common Stock",NASDAQ,70.77,4030834.65,284256786.15250003,567,13.0,4229.0,2026-05-06,
ZM,core,"Zoom Communications, Inc. Class A Common Stock",NASDAQ,92.88,2961622.35,274245939.17875,582,8.0,-1545.9999999999998,2021-08-31,
ULTA,core,"Ulta Beauty, Inc. Common Stock",NASDAQ,543.69,492113.45,268398807.83249998,598,7.0,3028.0,2026-03-19,
DOW,core,Dow Inc.,NYSE,27.97,9142905.05,262617345.7645,611,1.0,-26.000000000000004,2023-12-01,
LUV,core,Southwest Airlines Co.,NYSE,42.47,6191686.35,252467580.432,639,13.0,-468.0,2019-03-27,
W,core,Wayfair Inc.,NYSE,101.25,2426746.5,245914074.069,654,1.0,-18.0,2024-02-01,
LVS,core,Las Vegas Sands Corp.,NYSE,36.23,5993456.35,241242073.55549997,668,7.0,291.0,2021-11-05,
GME,core,GameStop Corp. Class A,NYSE,24.7,10459928.45,237220166.6375,676,15.0,-365.00000000000006,2024-07-19,
BIIB,core,Biogen Inc. Common Stock,NASDAQ,219.88,1068606.95,236409846.55749997,680,1.0,-35.0,2019-11-19,
BIDU,core,"Baidu, Inc. ADS",NASDAQ,84.32,2619803.45,236226239.774,681,2.0,-32.0,2024-03-08,
DPZ,core,Domino's Pizza Inc Common Stock,NASDAQ,297.615,749648.15,228189254.8545,707,2.0,-122.0,2019-10-10,
TEVA,core,Teva Pharmaceutical Industries Limited,NYSE,39.53,5536865.866666666,217995927.78066668,732,22.0,-378.0,2021-01-19,
FSLY,core,"Fastly, Inc. Class A Common Stock",NASDAQ,25.81,8333281.5,214346186.686,742,3.0,-63.0,2024-01-03,
RY,core,Royal Bank of Canada,NYSE,195.67,1000420.9,202143399.39000002,778,1.0,-10.0,2024-01-18,
SNAP,core,Snap Inc.,NYSE,5.58,32515705.25,180411932.884,842,38.0,541.9999999999998,2026-05-21,
AA,core,Alcoa Corporation,NYSE,41.95,3866792.85,174775428.6495,856,2.0,-120.0,2021-08-20,
CLF,core,Cleveland-Cliffs Inc.,NYSE,11.32,14226139.05,170045107.7065,877,5.0,8.0,2021-04-30,
NTNX,core,"Nutanix, Inc. Class A Common Stock",NASDAQ,72.29,2348218.0,162040756.5395,911,1.0,-10.0,2023-01-31,
JD,core,"JD.com, Inc. American Depositary Shares",NASDAQ,25.78,5965448.15,160371765.24449998,924,5.0,39.99999999999998,2019-11-18,
M,core,Macy's Inc.,NYSE,22.73,7020769.05,155573504.647,939,6.0,-140.0,2019-02-27,
BB,core,BlackBerry Limited,NYSE,9.3,18102238.0,153321476.231,946,15.0,-76.99999999999991,2021-11-02,
VXX,core,iPath Series B S&P 500 VIX Short-Term Futures ETN,BATS,17.4,8322899.75,148844434.9915,971,17.0,24.99999999999997,2021-09-03,
LYFT,core,"Lyft, Inc. Class A Common Stock",NASDAQ,15.46,9603547.2,147346092.14,977,7.0,-75.0,2022-02-10,
AXSM,core,"Axsome Therapeutics, Inc. Common Stock",NASDAQ,179.25,722772.55,144461045.46199998,978,1.0,-31.999999999999993,2021-08-11,
WING,core,Wingstop Inc. Common Stock,NASDAQ,106.89,1366693.85,143673000.20825,979,1.0,-20.0,2021-08-06,
CZR,core,"Caesars Entertainment, Inc. Common Stock",NASDAQ,29.65,4653382.05,137916488.526,980,2.0,42.0,2019-04-04,
UVXY,core,ProShares Ultra VIX Short-Term Futures ETF,BATS,16.97,7757306.1,137353649.759,981,8.0,502.0,2021-05-19,
FCEL,core,"FuelCell Energy, Inc. Common Stock",NASDAQ,18.47,5905859.4,99649468.0975,982,2.0,26.0,2022-07-07,
SHAK,core,Shake Shack Inc.,NYSE,60.98,1537736.95,91505367.261,983,1.0,-15.0,2023-09-08,
LUMN,core,"Lumen Technologies, Inc.",NYSE,5.75,13254850.05,83520337.3385,984,2.0,100.0,2021-02-25,
BNTX,core,BioNTech SE American Depositary Share,NASDAQ,96.9,837415.45,82261416.1565,985,13.0,1828.0,2022-05-19,
PENN,core,"PENN Entertainment, Inc. Common Stock",NASDAQ,14.77,3368603.05,54390668.955,987,2.0,3.0,2025-03-10,
NVAX,core,"Novavax, Inc. Common Stock",NASDAQ,10.46,5165898.75,52679145.357,989,3.0,-237.0,2022-08-10,
LMND,core,"Lemonade, Inc.",NYSE,46.49,1098822.65,51999689.707,990,3.0,-247.0,2021-03-24,
AI,core,"C3.ai, Inc.",NYSE,11.01,4758222.9,50896104.785000004,991,5.0,-396.0,2023-07-28,
SAM,core,Boston Beer Company,NYSE,167.5,271803.9,45761714.098000005,992,1.0,-125.0,2021-08-20,
JNUG,core,Direxion Daily Junior Gold Miners Index Bull 2X ETF,ARCA,147.66,240813.65,40612026.171500005,993,3.0,-300.0,2021-03-02,
GRPN,core,"Groupon, Inc. Common Stock",NASDAQ,19.31,1178336.4,23270073.918,995,1.0,-275.0,2022-08-09,
HIMX,core,"Himax Technologies, Inc. American Depositary Shares",NASDAQ,15.24,1047492.7,14808363.972,996,5.0,-41.0,2019-03-08,
CRSR,core,"Corsair Gaming, Inc. Common Stock",NASDAQ,13.79,1070433.6,14241452.752,997,18.0,-716.0,2021-06-18,
BYND,core,"Beyond Meat, Inc. Common Stock",NASDAQ,8.25,1352294.9,13484109.575,998,20.0,438.0,2023-07-06,
FUBO,core,FuboTV Inc.,NYSE,8.66,1249856.4,12741445.4295,999,39.0,-621.0000000000001,2021-07-12,
HYG,gauge,iShares iBoxx $ High Yield Corporate Bond ETF,ARCA,76.91,60076660.75,4679697568.255,24,,,,High-yield credit
SMH,gauge,VanEck Semiconductor ETF,NASDAQ,630.6,6478565.1,3771348748.4335,31,,,,Semis
SOXX,gauge,iShares Semiconductor ETF,NASDAQ,588.9,6971691.3,3769037781.241,32,,,,Semis
XLE,gauge,State Street Energy Select Sector SPDR ETF,ARCA,62.82,34620919.25,2196830855.3155,61,,,,Energy
RSP,gauge,Invesco S&P 500 Equal Weight ETF,ARCA,209.73,7062309.0,1497682928.533,96,,,,Equal-weight S&P (breadth vs SPY)
XLK,gauge,State Street Technology Select Sector SPDR ETF,ARCA,199.81,7341044.15,1406922498.535,105,,,,Tech
XLV,gauge,State Street Health Care Select Sector SPDR ETF,ARCA,166.18,8111004.65,1364903646.7065,110,,,,Health care
XLI,gauge,State Street Industrial Select Sector SPDR ETF,ARCA,169.95,7421287.85,1261702589.3325,121,,,,Industrials
XLU,gauge,State Street Utilities Select Sector SPDR ETF,ARCA,39.83,29626796.55,1200842030.846,127,,,,Utilities
XLP,gauge,State Street Consumer Staples Select Sector SPDR ETF,ARCA,80.53,11042273.85,912185825.478,170,,,,Consumer staples
XLY,gauge,State Street Consumer Discretionary Select Sector SPDR ETF,ARCA,110.04,6727065.05,747464069.9319999,213,,,,Consumer discretionary
IYT,gauge,iShares U.S. Transportation ETF,BATS,80.2,993179.15,79906905.53400001,986,,,,Transports
UUP,gauge,Invesco DB US Dollar Index Bullish Fund,ARCA,28.89,1853584.7,52804313.4675,988,,,,US dollar
VIXY,gauge,ProShares VIX Short-Term Futures ETF,BATS,16.72,2296271.0,39430022.1415,994,,,,VIX futures (short-term)
VIXM,gauge,ProShares VIX Mid-Term Futures ETF,BATS,12.92,713822.55,9506013.4815,1000,,,,VIX futures (mid-term)
