occ,sym,entry,exit,px_in,px_out,hold_min,realized,status,peak_held,peak_after,end_window
AMD240405P00170000,AMD,2024-04-01 09:41:00-04:00,2024-04-01 11:20:00-04:00,0.31,0.45,99.0,0.4516129032258065,ok,0.5806451612903225,4.0,-0.4193548387096775
KRE240405P00049000,KRE,2024-04-01 09:41:00-04:00,2024-04-02 09:40:00-04:00,0.36,0.73,1439.0,1.0277777777777777,ok,1.3333333333333335,2.1111111111111116,1.416666666666667
QQQ240401P00444000,QQQ,2024-04-01 09:55:00-04:00,2024-04-01 10:23:00-04:00,0.15,0.29,28.0,0.9333333333333333,ok,1.7999999999999998,8.6,-0.8666666666666667
WMT240412P00058000,WMT,2024-04-02 09:41:00-04:00,2024-04-02 14:18:00-04:00,0.1,0.2,277.0,1.0,ok,1.5,1.4,-0.20000000000000007
UNH240405C00480000,UNH,2024-04-03 09:40:00-04:00,2024-04-03 10:48:00-04:00,0.32,0.08,68.0,-0.75,ok,-0.34375,-0.53125,-0.96875
META240405P00485000,META,2024-04-03 10:57:00-04:00,2024-04-04 12:49:00-04:00,0.38,0.05,1552.0,-0.868421052631579,ok,0.1578947368421053,-0.368421052631579,-0.9473684210526316
AMC240419C00003500,AMC,2024-04-17 09:41:00-04:00,2024-04-19 11:16:00-04:00,0.05,0.01,2975.0,-0.8,ok,0.0,-0.6000000000000001,-0.8
SPY240418P00497000,SPY,2024-04-18 14:06:00-04:00,2024-04-18 15:28:00-04:00,0.36,0.04,82.0,-0.8888888888888888,ok,0.22222222222222232,-0.8611111111111112,-0.9722222222222222
SPY240418P00497000,SPY,2024-04-18 14:28:00-04:00,2024-04-18 15:28:00-04:00,0.18,0.04,60.0,-0.7777777777777778,ok,1.3333333333333335,-0.7222222222222222,-0.9444444444444444
TSLA240419P00145000,TSLA,2024-04-18 15:55:00-04:00,2024-04-19 10:17:00-04:00,0.39,0.16,1102.0,-0.5897435897435898,ok,0.33333333333333326,-0.46153846153846156,-0.9743589743589743
SPY240424P00495000,SPY,2024-04-22 13:35:00-04:00,2024-04-23 13:16:00-04:00,0.79,0.12,1421.0,-0.8481012658227849,ok,0.240506329113924,-0.8607594936708861,-0.9873417721518988
UNH240426C00500000,UNH,2024-04-25 09:41:00-04:00,2024-04-25 09:43:00-04:00,0.8,1.0,2.0,0.25,ok,0.3374999999999999,0.7,-0.9875
NVDA240426P00750000,NVDA,2024-04-25 09:44:00-04:00,2024-04-25 15:19:00-04:00,1.21,0.35,335.0,-0.7107438016528926,ok,0.2727272727272727,-0.6611570247933884,-0.9917355371900827
NVDA240426P00750000,NVDA,2024-04-25 10:19:00-04:00,2024-04-25 15:19:00-04:00,0.79,0.35,300.0,-0.5569620253164558,ok,0.5063291139240504,-0.4810126582278481,-0.9873417721518988
SPY240430C00512000,SPY,2024-04-29 15:34:00-04:00,2024-04-29 15:55:00-04:00,0.29,0.49,21.0,0.6896551724137931,ok,0.6551724137931034,1.3448275862068968,-0.9655172413793104
SPY240503C00515000,SPY,2024-05-01 14:10:00-04:00,2024-05-01 14:46:00-04:00,0.22,0.42,36.0,0.909090909090909,ok,1.5,1.6363636363636362,-0.9545454545454546
NVDA240503P00780000,NVDA,2024-05-02 09:41:00-04:00,2024-05-03 09:50:00-04:00,0.55,0.02,1449.0,-0.9636363636363636,ok,1.6909090909090905,-0.9272727272727272,-0.9818181818181818
CMG240517P03000000,CMG,2024-05-09 09:40:00-04:00,2024-05-13 15:36:00-04:00,2.4,0.85,6116.0,-0.6458333333333333,ok,0.09166666666666679,-0.5,-0.8375
NVDA240510P00850000,NVDA,2024-05-09 11:44:00-04:00,2024-05-10 14:25:00-04:00,0.75,0.01,1601.0,-0.9866666666666667,ok,0.4800000000000002,-0.9733333333333334,-0.9866666666666667
QQQ240510P00438000,QQQ,2024-05-09 15:41:00-04:00,2024-05-10 14:15:00-04:00,0.46,0.02,1354.0,-0.9565217391304348,ok,0.06521739130434767,-0.9130434782608696,-0.9782608695652174
NVDA240510P00890000,NVDA,2024-05-10 14:20:00-04:00,2024-05-10 15:24:00-04:00,0.18,0.06,64.0,-0.6666666666666667,ok,2.1666666666666665,-0.611111111111111,-0.9444444444444444
SHOP240524C00060000,SHOP,2024-05-16 13:09:00-04:00,2024-05-17 09:42:00-04:00,0.66,0.33,1233.0,-0.5,ok,0.0,0.19696969696969702,-0.2727272727272728
UNH240524P00500000,UNH,2024-05-16 13:16:00-04:00,2024-05-17 15:01:00-04:00,0.46,0.18,1545.0,-0.6086956521739131,ok,0.26086956521739113,-0.13043478260869568,-0.3913043478260869
T240524C00017500,T,2024-05-20 09:55:00-04:00,2024-05-21 09:49:00-04:00,0.09,0.05,1434.0,-0.4444444444444444,ok,0.6666666666666667,0.33333333333333326,0.0
T240531C00018000,T,2024-05-20 09:55:00-04:00,2024-05-21 09:50:00-04:00,0.03,0.01,1435.0,-0.6666666666666666,ok,0.0,0.0,0.0
WMT240524P00065000,WMT,2024-05-23 10:00:00-04:00,2024-05-23 14:55:00-04:00,0.14,0.46,295.0,2.2857142857142856,ok,2.571428571428571,2.571428571428571,-0.9285714285714286
SMCI240524P00875000,SMCI,2024-05-24 15:08:00-04:00,2024-05-24 15:45:00-04:00,0.45,0.05,37.0,-0.8888888888888888,ok,0.0888888888888888,-0.7777777777777778,-0.9333333333333333
SMCI240524P00875000,SMCI,2024-05-24 15:13:00-04:00,2024-05-24 15:45:00-04:00,0.25,0.05,32.0,-0.8,ok,0.3999999999999999,-0.6,-0.88
WMT240531P00064000,WMT,2024-05-28 09:40:00-04:00,2024-05-30 11:03:00-04:00,0.08,0.05,2963.0,-0.375,ok,1.25,1.125,-0.875
AAPL240628P00175000,AAPL,2024-05-31 10:59:00-04:00,2024-06-04 14:51:00-04:00,0.56,0.29,5992.0,-0.4821428571428572,ok,0.1964285714285714,-0.3928571428571429,-0.6607142857142858
AAPL240614P00180000,AAPL,2024-05-31 11:02:00-04:00,2024-06-03 09:57:00-04:00,0.65,0.35,4255.0,-0.46153846153846156,ok,0.2153846153846155,-0.2615384615384616,-0.676923076923077
WMT240719P00060000,WMT,2024-05-31 13:31:00-04:00,2024-05-31 15:02:00-04:00,0.19,0.16,91.0,-0.1578947368421053,ok,-0.052631578947368474,-0.1578947368421053,-0.26315789473684204
AAPL240607C00200000,AAPL,2024-05-31 14:16:00-04:00,2024-06-03 09:40:00-04:00,0.11,0.14,4044.0,0.27272727272727293,ok,0.7272727272727273,1.9090909090909092,0.0
NVDA240607P00980000,NVDA,2024-06-03 10:00:00-04:00,2024-06-05 12:09:00-04:00,0.47,0.21,3009.0,-0.553191489361702,ok,0.7234042553191491,-0.14893617021276584,-0.9787234042553191
NVDA240607P01065000,NVDA,2024-06-04 14:51:00-04:00,2024-06-05 12:10:00-04:00,1.15,0.57,1279.0,-0.5043478260869565,ok,0.21739130434782616,0.1304347826086958,-0.991304347826087
SPY240606P00532000,SPY,2024-06-06 13:40:00-04:00,2024-06-06 14:10:00-04:00,0.08,0.43,30.0,4.375,ok,4.75,4.125,-0.875
WMT240628P00065000,WMT,2024-06-07 15:58:00-04:00,2024-06-10 11:32:00-04:00,0.48,0.3,4054.0,-0.375,ok,-0.33333333333333326,-0.29166666666666663,-0.41666666666666663
WMT240614P00065000,WMT,2024-06-10 09:41:00-04:00,2024-06-13 13:47:00-04:00,0.09,0.02,4566.0,-0.7777777777777778,ok,0.22222222222222232,-0.6666666666666667,-0.8888888888888888
AAPL240614P00200000,AAPL,2024-06-11 11:25:00-04:00,2024-06-13 13:46:00-04:00,0.92,0.02,3021.0,-0.9782608695652174,ok,0.010869565217391353,-0.967391304347826,-0.9891304347826086
AAPL240614P00200000,AAPL,2024-06-11 11:28:00-04:00,2024-06-13 13:46:00-04:00,0.77,0.02,3018.0,-0.974025974025974,ok,0.20779220779220786,-0.961038961038961,-0.987012987012987
WMT240614P00066000,WMT,2024-06-11 11:29:00-04:00,2024-06-13 13:47:00-04:00,0.13,0.08,3018.0,-0.3846153846153846,ok,1.692307692307692,-0.23076923076923073,-0.9230769230769231
WMT240614P00066000,WMT,2024-06-11 11:29:00-04:00,2024-06-13 13:47:00-04:00,0.13,0.08,3018.0,-0.3846153846153846,ok,1.692307692307692,-0.23076923076923073,-0.9230769230769231
SHOP240614P00064000,SHOP,2024-06-13 13:48:00-04:00,2024-06-14 11:05:00-04:00,0.28,0.01,1277.0,-0.9642857142857143,ok,-0.07142857142857151,-0.8928571428571429,-0.9642857142857143
QQQ240628P00470000,QQQ,2024-06-21 12:50:00-04:00,2024-06-24 09:30:00-04:00,0.98,1.15,4120.0,0.1734693877551019,ok,0.20408163265306123,0.8979591836734695,-0.7653061224489796
WMT240628C00070000,WMT,2024-06-21 12:55:00-04:00,2024-06-21 15:09:00-04:00,0.13,0.07,134.0,-0.46153846153846145,ok,0.0,0.0769230769230771,-0.23076923076923073
WMT240712P00066000,WMT,2024-06-28 11:24:00-04:00,2024-07-02 09:55:00-04:00,0.2,0.19,5671.0,-0.050000000000000044,ok,0.09999999999999987,-0.10000000000000009,-0.7
WMT240816P00060000,WMT,2024-06-28 11:25:00-04:00,2024-07-01 11:48:00-04:00,0.21,0.18,4343.0,-0.1428571428571429,ok,0.0,-0.04761904761904756,-0.19047619047619035
CMG240705C00065000,CMG,2024-06-28 14:13:00-04:00,2024-07-01 11:07:00-04:00,0.3,0.05,4134.0,-0.8333333333333333,ok,0.0,-0.6666666666666666,-0.9666666666666667
CMG240705C00065000,CMG,2024-06-28 14:13:00-04:00,2024-07-01 11:07:00-04:00,0.3,0.05,4134.0,-0.8333333333333333,ok,0.0,-0.6666666666666666,-0.9666666666666667
CMG240628C00063000,CMG,2024-06-28 14:31:00-04:00,2024-06-28 15:26:00-04:00,0.15,0.05,55.0,-0.6666666666666666,ok,-0.19999999999999996,-0.6666666666666666,-0.9333333333333333
TSLA240705P00230000,TSLA,2024-07-03 09:37:00-04:00,2024-07-03 12:52:00-04:00,1.47,0.3,195.0,-0.7959183673469388,ok,-0.061224489795918435,-0.6598639455782314,-0.9931972789115646
QQQ240703P00485000,QQQ,2024-07-03 10:40:00-04:00,2024-07-03 11:56:00-04:00,0.15,0.02,76.0,-0.8666666666666667,ok,0.0,-0.8666666666666667,-0.9333333333333333
QQQ240708P00486000,QQQ,2024-07-05 09:56:00-04:00,2024-07-05 15:28:00-04:00,0.28,0.06,332.0,-0.7857142857142858,ok,0.3928571428571428,-0.75,-0.9642857142857143
SPY240712P00547000,SPY,2024-07-08 11:38:00-04:00,2024-07-09 13:03:00-04:00,0.53,0.19,1525.0,-0.6415094339622642,ok,0.13207547169811318,-0.4528301886792453,-0.9811320754716981
SPY240712P00560000,SPY,2024-07-12 13:09:00-04:00,2024-07-12 15:20:00-04:00,0.21,0.02,131.0,-0.9047619047619048,ok,0.0,3.8095238095238093,0.23809523809523814
SPY240719P00554000,SPY,2024-07-12 13:10:00-04:00,2024-07-15 09:33:00-04:00,0.53,0.54,4103.0,0.018867924528301883,ok,0.9811320754716981,1.622641509433962,0.3396226415094339
SPY240715P00560000,SPY,2024-07-12 14:03:00-04:00,2024-07-12 15:57:00-04:00,0.39,1.5,114.0,2.846153846153846,ok,3.6923076923076925,3.6410256410256414,-0.8717948717948718
META240719C00510000,META,2024-07-17 10:00:00-04:00,2024-07-17 11:00:00-04:00,0.34,0.22,60.0,-0.3529411764705883,ok,0.0588235294117645,0.17647058823529416,-0.9705882352941176
UNH240719P00545000,UNH,2024-07-17 10:56:00-04:00,2024-07-18 15:57:00-04:00,0.3,0.22,1741.0,-0.2666666666666666,ok,0.8999999999999999,0.3333333333333335,-0.9666666666666667
WMT240719P00070000,WMT,2024-07-17 12:30:00-04:00,2024-07-18 15:55:00-04:00,0.15,0.07,1645.0,-0.5333333333333332,ok,0.19999999999999996,-0.4666666666666667,-0.9333333333333333
WMT240726P00070000,WMT,2024-07-18 12:09:00-04:00,2024-07-19 11:25:00-04:00,0.44,0.22,1396.0,-0.5,ok,0.09090909090909083,-0.20454545454545459,-0.22727272727272718
ROKU240726P00060000,ROKU,2024-07-19 12:25:00-04:00,2024-07-23 15:45:00-04:00,0.44,0.31,5960.0,-0.2954545454545454,ok,1.3863636363636362,9.181818181818183,1.6590909090909087
KRE240726P00054000,KRE,2024-07-19 13:09:00-04:00,2024-07-22 09:57:00-04:00,0.34,0.34,4128.0,0.0,ok,0.0588235294117645,0.32352941176470584,-0.9411764705882353
WMT240726P00071000,WMT,2024-07-22 09:49:00-04:00,2024-07-23 12:55:00-04:00,0.46,0.97,1626.0,1.108695652173913,ok,1.1739130434782608,3.3478260869565215,1.5869565217391304
WMT240802P00070000,WMT,2024-07-22 09:49:00-04:00,2024-07-23 12:56:00-04:00,0.38,0.63,1627.0,0.6578947368421053,ok,0.8157894736842104,2.447368421052632,0.7894736842105263
WMT240802P00070000,WMT,2024-07-22 10:10:00-04:00,2024-07-23 12:56:00-04:00,0.47,0.63,1606.0,0.34042553191489366,ok,0.46808510638297873,1.7872340425531918,0.44680851063829796
WMT240726P00070000,WMT,2024-07-22 10:11:00-04:00,2024-07-23 12:56:00-04:00,0.26,0.35,1605.0,0.34615384615384603,ok,0.6923076923076923,3.5,-0.15384615384615385
SPY240725P00539000,SPY,2024-07-25 10:26:00-04:00,2024-07-25 11:13:00-04:00,1.23,0.25,47.0,-0.7967479674796748,ok,-0.0325203252032521,0.16260162601626016,-0.6666666666666667
SPY240726P00537500,SPY,2024-07-25 14:54:00-04:00,2024-07-25 15:53:00-04:00,1.12,1.26,59.0,0.125,ok,0.24107142857142838,0.9374999999999998,-0.9910714285714286
TSLA240802P00210000,TSLA,2024-07-26 13:43:00-04:00,2024-07-30 11:12:00-04:00,2.32,0.65,5609.0,-0.7198275862068966,ok,0.09051724137931028,0.27586206896551735,0.07758620689655182
WMT240809P00069000,WMT,2024-07-26 13:44:00-04:00,2024-07-29 11:35:00-04:00,0.58,0.59,4191.0,0.01724137931034475,ok,0.24137931034482762,0.8448275862068968,0.0
WMT240809P00069000,WMT,2024-07-26 13:44:00-04:00,2024-07-29 11:35:00-04:00,0.58,0.59,4191.0,0.01724137931034475,ok,0.24137931034482762,0.8448275862068968,0.0
WMT240802P00069000,WMT,2024-07-26 13:51:00-04:00,2024-07-29 11:35:00-04:00,0.37,0.34,4184.0,-0.08108108108108103,ok,0.3513513513513513,1.2972972972972974,-0.32432432432432434
WMT240809P00068000,WMT,2024-07-29 10:38:00-04:00,2024-07-30 09:41:00-04:00,0.38,0.36,1383.0,-0.052631578947368474,ok,0.026315789473684292,0.5789473684210527,-0.5
UNH240802P00545000,UNH,2024-07-29 10:53:00-04:00,2024-07-30 12:22:00-04:00,1.1,0.24,1529.0,-0.7818181818181819,ok,-0.14545454545454561,0.209090909090909,-0.8818181818181818
SPY240802P00535000,SPY,2024-07-29 11:37:00-04:00,2024-07-30 09:38:00-04:00,1.92,0.93,1321.0,-0.515625,ok,-0.03645833333333326,0.7395833333333333,0.41666666666666674
SPY240802P00530000,SPY,2024-07-30 12:22:00-04:00,2024-07-31 10:07:00-04:00,1.27,0.14,1305.0,-0.889763779527559,ok,0.40157480314960625,1.5196850393700787,-0.9763779527559056
SPY240802P00542500,SPY,2024-08-01 10:46:00-04:00,2024-08-01 10:49:00-04:00,1.15,1.41,3.0,0.22608695652173916,ok,0.26086956521739135,10.91304347826087,7.860869565217392
SPY240806P00532000,SPY,2024-08-01 12:35:00-04:00,2024-08-01 13:53:00-04:00,0.98,1.73,78.0,0.7653061224489797,ok,0.8673469387755104,6.26530612244898,3.1428571428571423
SPY240809P00510000,SPY,2024-08-06 16:14:00-04:00,2024-08-07 14:23:00-04:00,1.93,1.97,1329.0,0.020725388601036343,ok,0.18134715025906734,0.30569948186528495,-0.9948186528497409
AAPL240816P00200000,AAPL,2024-08-07 13:50:00-04:00,2024-08-08 15:40:00-04:00,1.45,0.76,1550.0,-0.4758620689655172,ok,0.2689655172413794,-0.4620689655172413,-0.8137931034482758
AAPL240816P00205000,AAPL,2024-08-08 15:43:00-04:00,2024-08-09 15:49:00-04:00,1.38,0.52,1446.0,-0.6231884057971013,ok,0.02898550724637694,-0.5507246376811594,-0.7753623188405797
META240816P00460000,META,2024-08-08 15:48:00-04:00,2024-08-09 15:49:00-04:00,1.39,0.61,1441.0,-0.5611510791366906,ok,-0.014388489208632893,-0.5251798561151079,-0.7841726618705036
SPY240813P00528000,SPY,2024-08-09 15:51:00-04:00,2024-08-12 09:48:00-04:00,1.72,1.57,3957.0,-0.08720930232558133,ok,0.12790697674418605,0.09302325581395343,-0.9941860465116279
META240816P00480000,META,2024-08-09 15:55:00-04:00,2024-08-13 09:47:00-04:00,1.4,0.36,5392.0,-0.7428571428571429,ok,0.09285714285714297,-0.7071428571428571,-0.9928571428571429
SPY240816P00520000,SPY,2024-08-12 09:50:00-04:00,2024-08-13 09:46:00-04:00,1.68,0.66,1436.0,-0.6071428571428571,ok,0.19047619047619047,-0.5119047619047619,-0.9940476190476191
QQQ240814P00457000,QQQ,2024-08-14 09:30:00-04:00,2024-08-14 15:26:00-04:00,0.44,0.01,356.0,-0.9772727272727273,ok,1.931818181818182,-0.9545454545454546,-0.9772727272727273
QQQ240816P00448000,QQQ,2024-08-14 15:43:00-04:00,2024-08-15 09:41:00-04:00,0.37,0.08,1078.0,-0.7837837837837838,ok,0.0,-0.7837837837837838,-0.972972972972973
UNH240816P00560000,UNH,2024-08-15 09:32:00-04:00,2024-08-16 10:52:00-04:00,0.36,0.17,1520.0,-0.5277777777777777,ok,0.4722222222222223,-0.75,-0.8611111111111112
WMT240823P00075000,WMT,2024-08-21 09:30:00-04:00,2024-08-21 15:51:00-04:00,0.3,0.31,381.0,0.03333333333333344,ok,1.1,0.0,-0.9666666666666667
WMT240823P00074000,WMT,2024-08-21 09:33:00-04:00,2024-08-21 15:50:00-04:00,0.13,0.08,377.0,-0.3846153846153846,ok,0.6923076923076923,-0.3076923076923077,-0.9230769230769231
SPY240822P00560000,SPY,2024-08-22 09:33:00-04:00,2024-08-22 11:41:00-04:00,0.49,1.83,128.0,2.734693877551021,ok,3.2653061224489797,9.204081632653061,6.081632653061225
QQQ240822P00478000,QQQ,2024-08-22 09:45:00-04:00,2024-08-22 11:28:00-04:00,0.15,0.49,103.0,2.2666666666666666,ok,3.333333333333334,27.333333333333336,15.0
SPY240826P00545000,SPY,2024-08-22 11:43:00-04:00,2024-08-23 12:47:00-04:00,0.35,0.08,1504.0,-0.7714285714285714,ok,0.4285714285714286,-0.7714285714285714,-0.9714285714285714
SPY240827C00565000,SPY,2024-08-23 13:15:00-04:00,2024-08-26 09:35:00-04:00,0.56,1.13,4100.0,1.0178571428571423,ok,1.3214285714285712,1.214285714285714,-0.9821428571428571
WMT240913P00075000,WMT,2024-09-04 09:30:00-04:00,2024-09-05 15:57:00-04:00,0.25,0.19,1827.0,-0.24,ok,0.28,0.15999999999999992,-0.19999999999999996
QQQ240904P00462000,QQQ,2024-09-04 12:37:00-04:00,2024-09-04 14:55:00-04:00,0.59,1.56,138.0,1.6440677966101696,ok,2.4237288135593222,3.423728813559322,2.1016949152542375
WMT240906P00076000,WMT,2024-09-04 12:37:00-04:00,2024-09-05 15:58:00-04:00,0.14,0.08,1641.0,-0.4285714285714286,ok,0.4999999999999998,-0.3571428571428572,-0.9285714285714286
AMZN240906P00170000,AMZN,2024-09-05 11:26:00-04:00,2024-09-05 15:17:00-04:00,0.15,0.09,231.0,-0.4,ok,0.13333333333333353,0.4666666666666668,-0.9333333333333333
QQQ240911P00440000,QQQ,2024-09-06 10:48:00-04:00,2024-09-09 15:32:00-04:00,2.07,0.29,4604.0,-0.8599033816425121,ok,0.17391304347826098,-0.821256038647343,-0.9951690821256038
WMT241018P00075000,WMT,2024-09-06 10:49:00-04:00,2024-09-12 10:47:00-04:00,0.98,0.39,8638.0,-0.6020408163265306,ok,0.0714285714285714,-0.5918367346938775,-0.7448979591836735
WMT241115P00070000,WMT,2024-09-06 10:51:00-04:00,2024-09-12 10:47:00-04:00,0.52,0.3,8636.0,-0.42307692307692313,ok,0.03846153846153855,-0.3846153846153846,-0.5384615384615385
NVDA240913P00090000,NVDA,2024-09-06 10:53:00-04:00,2024-09-09 15:32:00-04:00,0.42,0.11,4599.0,-0.7380952380952381,ok,0.4761904761904763,-0.7142857142857143,-0.9761904761904762
AAPL240913P00210000,AAPL,2024-09-09 15:54:00-04:00,2024-09-10 10:21:00-04:00,0.57,0.41,1107.0,-0.2807017543859649,ok,0.3684210526315792,-0.14035087719298245,-0.9824561403508771
WMT240920P00075000,WMT,2024-09-10 09:44:00-04:00,2024-09-11 09:37:00-04:00,0.14,0.12,1433.0,-0.14285714285714302,ok,0.0,0.4285714285714286,-0.7142857142857143
WMT241018P00075000,WMT,2024-09-10 14:33:00-04:00,2024-09-12 10:47:00-04:00,0.52,0.39,2654.0,-0.25,ok,0.32692307692307687,-0.23076923076923073,-0.5192307692307693
WMT240920P00078000,WMT,2024-09-10 14:34:00-04:00,2024-09-11 09:36:00-04:00,0.61,0.72,1142.0,0.180327868852459,ok,0.2295081967213115,0.7049180327868854,-0.8360655737704918
WMT240920P00077000,WMT,2024-09-11 09:39:00-04:00,2024-09-12 10:47:00-04:00,0.42,0.2,1508.0,-0.5238095238095237,ok,0.4285714285714286,-0.5476190476190477,-0.8571428571428572
WMT241004P00079000,WMT,2024-09-12 10:51:00-04:00,2024-09-13 10:09:00-04:00,1.12,0.68,1398.0,-0.3928571428571429,ok,-0.0267857142857143,-0.4107142857142857,-0.5
AAPL240920P00215000,AAPL,2024-09-12 10:55:00-04:00,2024-09-13 15:54:00-04:00,1.03,0.63,1739.0,-0.38834951456310685,ok,0.11650485436893199,2.6893203883495143,0.9029126213592231
SPY240916P00556000,SPY,2024-09-13 10:05:00-04:00,2024-09-16 09:31:00-04:00,0.84,0.19,4286.0,-0.7738095238095238,ok,0.19047619047619047,-0.5952380952380951,-0.9880952380952381
WMT240920P00079000,WMT,2024-09-16 10:14:00-04:00,2024-09-17 12:19:00-04:00,0.2,0.49,1565.0,1.4499999999999997,ok,1.6,6.5,0.95
NVDA240927P00100000,NVDA,2024-09-18 10:57:00-04:00,2024-09-19 15:59:00-04:00,0.29,0.1,1742.0,-0.6551724137931034,ok,0.3793103448275863,-0.6206896551724137,-0.6896551724137931
NVDA240920P00110000,NVDA,2024-09-18 11:00:00-04:00,2024-09-19 15:59:00-04:00,0.71,0.05,1739.0,-0.9295774647887324,ok,0.563380281690141,-0.9014084507042254,-0.9859154929577465
NVDA240927P00100000,NVDA,2024-09-18 14:08:00-04:00,2024-09-19 15:59:00-04:00,0.22,0.1,1551.0,-0.5454545454545454,ok,0.6818181818181819,-0.5,-0.5909090909090909
NVDA240920P00118000,NVDA,2024-09-19 13:44:00-04:00,2024-09-20 11:20:00-04:00,0.76,2.15,1296.0,1.8289473684210527,ok,2.5,2.289473684210526,1.4868421052631575
NVDA240920P00115000,NVDA,2024-09-20 14:06:00-04:00,2024-09-20 15:03:00-04:00,0.14,0.05,57.0,-0.6428571428571428,ok,0.6428571428571428,-0.5714285714285715,-0.9285714285714286
NVDA240927P00120000,NVDA,2024-09-25 15:14:00-04:00,2024-09-26 12:57:00-04:00,0.53,0.36,1303.0,-0.3207547169811321,ok,0.4528301886792452,0.6792452830188678,-0.9811320754716981
TSLA241004P00230000,TSLA,2024-09-26 13:21:00-04:00,2024-09-27 10:38:00-04:00,1.8,1.14,1277.0,-0.3666666666666667,ok,0.0,-0.3222222222222223,-0.6444444444444444
NVDA240927P00119000,NVDA,2024-09-26 13:25:00-04:00,2024-09-27 10:38:00-04:00,0.38,0.25,1273.0,-0.3421052631578947,ok,0.026315789473684292,0.13157894736842102,-0.9736842105263158
SPY240930P00565000,SPY,2024-09-26 13:36:00-04:00,2024-09-27 10:38:00-04:00,0.62,0.24,1262.0,-0.6129032258064516,ok,-0.016129032258064502,-0.032258064516129115,-0.8387096774193548
ROKU241004P00071000,ROKU,2024-09-30 09:35:00-04:00,2024-09-30 15:54:00-04:00,0.59,0.36,379.0,-0.38983050847457623,ok,0.016949152542372836,0.1186440677966103,-0.8983050847457628
META241004P00560000,META,2024-10-01 09:30:00-04:00,2024-10-01 11:19:00-04:00,1.58,3.9,109.0,1.4683544303797467,ok,1.5632911392405062,1.4050632911392404,-0.9873417721518988
QQQ241001P00480000,QQQ,2024-10-01 15:17:00-04:00,2024-10-01 15:26:00-04:00,0.11,0.06,9.0,-0.4545454545454546,ok,-0.09090909090909083,1.6363636363636362,-0.9090909090909091
WMT241004P00080000,WMT,2024-10-02 15:33:00-04:00,2024-10-03 10:53:00-04:00,0.41,0.25,1160.0,-0.3902439024390244,ok,0.3414634146341464,-0.09756097560975607,-0.975609756097561
WMT241011P00080000,WMT,2024-10-02 15:33:00-04:00,2024-10-03 10:53:00-04:00,0.84,0.69,1160.0,-0.1785714285714286,ok,0.19047619047619047,0.04761904761904767,-0.5476190476190477
TSLA241004C00255000,TSLA,2024-10-02 15:50:00-04:00,2024-10-03 09:33:00-04:00,1.91,1.75,1063.0,-0.08376963350785338,ok,0.14136125654450282,0.020942408376963373,-0.9947643979057592
SPY241007P00565000,SPY,2024-10-03 14:31:00-04:00,2024-10-04 12:39:00-04:00,3.1,0.66,1328.0,-0.7870967741935484,ok,0.06451612903225801,-0.6870967741935484,-0.9806451612903225
SPY241004P00565000,SPY,2024-10-03 15:53:00-04:00,2024-10-04 12:39:00-04:00,1.97,0.08,1246.0,-0.9593908629441624,ok,-0.020304568527918843,-0.9137055837563451,-0.9949238578680203
SPY241009C00580000,SPY,2024-10-04 15:29:00-04:00,2024-10-07 09:30:00-04:00,0.4,0.2,3961.0,-0.5,ok,0.25,-0.4750000000000001,-0.975
SPY241007P00566000,SPY,2024-10-04 16:00:00-04:00,2024-10-07 09:30:00-04:00,0.36,0.23,3930.0,-0.36111111111111105,ok,0.05555555555555558,0.7777777777777779,-0.9722222222222222
SPY241008P00563000,SPY,2024-10-07 09:54:00-04:00,2024-10-08 09:30:00-04:00,0.45,0.13,1416.0,-0.711111111111111,ok,1.5333333333333332,-0.4,-0.9777777777777777
QQQ241010P00491000,QQQ,2024-10-10 11:10:00-04:00,2024-10-10 12:15:00-04:00,0.78,0.2,65.0,-0.7435897435897436,ok,-0.02564102564102566,-0.2948717948717948,-0.9871794871794872
QQQ241010P00491000,QQQ,2024-10-10 13:14:00-04:00,2024-10-10 13:35:00-04:00,0.42,0.18,21.0,-0.5714285714285714,ok,-0.023809523809523836,0.2857142857142858,-0.9761904761904762
QQQ241021P00490000,QQQ,2024-10-14 09:31:00-04:00,2024-10-14 14:40:00-04:00,2.1,1.48,309.0,-0.2952380952380953,ok,-0.00952380952380949,1.3428571428571425,-0.1333333333333333
QQQ241014P00493000,QQQ,2024-10-14 09:56:00-04:00,2024-10-14 14:38:00-04:00,0.15,0.02,282.0,-0.8666666666666667,ok,1.0666666666666669,-0.8,-0.9333333333333333
SPY241018C00590000,SPY,2024-10-15 12:37:00-04:00,2024-10-16 09:46:00-04:00,0.46,0.1,1269.0,-0.782608695652174,ok,0.0,-0.13043478260869568,-0.9782608695652174
SPY241022P00570000,SPY,2024-10-15 12:48:00-04:00,2024-10-16 09:45:00-04:00,0.84,1.05,1257.0,0.25,ok,0.5476190476190477,0.23809523809523814,-0.9166666666666666
MSFT241025P00390000,MSFT,2024-10-15 12:50:00-04:00,2024-10-16 09:35:00-04:00,0.48,0.55,1245.0,0.14583333333333348,ok,0.0625,0.8958333333333335,-0.7291666666666666
SPY241018P00570000,SPY,2024-10-15 12:56:00-04:00,2024-10-16 09:45:00-04:00,0.42,0.47,1249.0,0.11904761904761907,ok,0.6904761904761905,0.11904761904761907,-0.9761904761904762
AAPL241018P00230000,AAPL,2024-10-15 14:00:00-04:00,2024-10-16 09:45:00-04:00,0.75,1.45,1185.0,0.9333333333333333,ok,1.1866666666666665,1.52,-0.9866666666666667
COIN241018P00190000,COIN,2024-10-17 09:31:00-04:00,2024-10-18 09:59:00-04:00,0.63,0.02,1468.0,-0.9682539682539683,ok,0.3650793650793651,-0.9523809523809523,-0.9682539682539683
COIN241025P00185000,COIN,2024-10-21 09:33:00-04:00,2024-10-21 11:27:00-04:00,0.66,0.73,114.0,0.10606060606060597,ok,0.5303030303030303,1.3030303030303028,-0.7727272727272727
MSFT241025P00410000,MSFT,2024-10-22 09:30:00-04:00,2024-10-23 12:35:00-04:00,0.66,0.16,1625.0,-0.7575757575757576,ok,0.2424242424242422,-0.3939393939393939,-0.9848484848484849
META241025P00550000,META,2024-10-23 12:40:00-04:00,2024-10-24 14:12:00-04:00,0.66,0.19,1532.0,-0.7121212121212122,ok,1.0303030303030303,-0.6818181818181819,-0.9696969696969697
CVNA241025P00190000,CVNA,2024-10-23 13:00:00-04:00,2024-10-24 14:08:00-04:00,0.55,0.16,1508.0,-0.7090909090909091,ok,0.8909090909090909,-0.6909090909090909,-0.9818181818181818
WMT241101P00080000,WMT,2024-10-23 15:32:00-04:00,2024-10-24 14:12:00-04:00,0.15,0.12,1360.0,-0.19999999999999996,ok,0.13333333333333353,0.0,-0.06666666666666654
TSLA241025P00250000,TSLA,2024-10-25 09:51:00-04:00,2024-10-25 12:11:00-04:00,0.14,0.06,140.0,-0.5714285714285715,ok,0.5714285714285714,1.0,-0.9285714285714286
MSFT241101P00400000,MSFT,2024-10-28 09:30:00-04:00,2024-10-28 15:02:00-04:00,1.3,1.48,332.0,0.1384615384615384,ok,0.2153846153846155,0.3615384615384616,-0.5923076923076923
TSLA241101P00242500,TSLA,2024-10-28 10:16:00-04:00,2024-10-28 15:46:00-04:00,0.61,0.92,330.0,0.5081967213114755,ok,0.5737704918032787,1.0655737704918034,-0.180327868852459
SPY241104P00568000,SPY,2024-10-28 14:45:00-04:00,2024-10-29 14:32:00-04:00,0.99,0.66,1427.0,-0.33333333333333326,ok,0.48484848484848486,2.303030303030303,-0.13131313131313127
AMD241101P00145000,AMD,2024-10-29 09:30:00-04:00,2024-10-29 15:19:00-04:00,1.08,0.56,349.0,-0.4814814814814815,ok,0.28703703703703676,2.564814814814815,1.1851851851851851
SPY241030P00576000,SPY,2024-10-29 09:31:00-04:00,2024-10-29 14:32:00-04:00,1.3,0.29,301.0,-0.7769230769230769,ok,0.1923076923076923,-0.5384615384615385,-0.9923076923076923
SPY241030P00580000,SPY,2024-10-30 11:21:00-04:00,2024-10-30 15:27:00-04:00,0.43,0.54,246.0,0.2558139534883721,ok,0.9534883720930232,3.232558139534884,1.255813953488372
WMT241101P00081000,WMT,2024-10-30 15:37:00-04:00,2024-10-31 09:43:00-04:00,0.29,0.16,1086.0,-0.4482758620689654,ok,0.3448275862068968,-0.27586206896551724,-0.9655172413793104
TSLA241101P00247500,TSLA,2024-11-01 14:39:00-04:00,2024-11-01 15:27:00-04:00,0.49,0.02,48.0,-0.9591836734693877,ok,0.08163265306122458,-0.8775510204081632,-0.9795918367346939
ROKU241108C00068000,ROKU,2024-11-04 09:31:00-05:00,2024-11-04 09:42:00-05:00,0.79,1.26,11.0,0.5949367088607593,ok,0.5822784810126582,5.4556962025316444,4.50632911392405
AVGO241108P00160000,AVGO,2024-11-04 10:00:00-05:00,2024-11-05 09:30:00-05:00,0.88,0.64,1410.0,-0.2727272727272727,ok,0.23863636363636376,-0.2727272727272727,-0.9886363636363636
CVNA241115P00190000,CVNA,2024-11-04 11:36:00-05:00,2024-11-04 15:04:00-05:00,0.85,0.98,208.0,0.15294117647058814,ok,0.2941176470588236,-0.2705882352941177,-0.8823529411764706
META241108P00550000,META,2024-11-05 09:30:00-05:00,2024-11-06 13:55:00-05:00,2.8,1.0,1705.0,-0.6428571428571428,ok,0.8607142857142858,-0.625,-0.9964285714285714
NFLX241108P00720000,NFLX,2024-11-05 10:40:00-05:00,2024-11-06 13:54:00-05:00,0.66,0.12,1634.0,-0.8181818181818182,ok,0.28787878787878785,-0.803030303030303,-0.9848484848484849
NFLX241108P00735000,NFLX,2024-11-06 09:30:00-05:00,2024-11-06 13:54:00-05:00,0.5,0.24,264.0,-0.52,ok,1.52,-0.52,-0.96
MSTR241115P00200000,MSTR,2024-11-06 13:59:00-05:00,2024-11-07 12:50:00-05:00,1.44,0.57,1371.0,-0.6041666666666667,ok,0.08333333333333348,-0.5138888888888888,-0.75
MSTR241108P00245000,MSTR,2024-11-07 12:51:00-05:00,2024-11-08 13:27:00-05:00,0.51,0.03,1476.0,-0.9411764705882353,ok,0.5294117647058825,-0.9019607843137255,-0.9803921568627451
AMD241115P00140000,AMD,2024-11-11 09:35:00-05:00,2024-11-12 09:30:00-05:00,0.7,0.41,1435.0,-0.41428571428571426,ok,0.24285714285714288,2.185714285714286,1.6428571428571432
CVNA241115P00220000,CVNA,2024-11-12 09:32:00-05:00,2024-11-13 09:40:00-05:00,0.3,0.18,1448.0,-0.4,ok,0.30000000000000004,-0.16666666666666663,-0.9333333333333333
META241122P00520000,META,2024-11-19 14:18:00-05:00,2024-11-20 10:25:00-05:00,0.31,0.27,1207.0,-0.12903225806451601,ok,0.16129032258064502,0.032258064516129004,-0.967741935483871
AVGO241122P00157500,AVGO,2024-11-21 10:27:00-05:00,2024-11-22 10:22:00-05:00,0.53,0.02,1435.0,-0.9622641509433962,ok,0.4150943396226414,-0.9433962264150944,-0.9811320754716981
SPY241125P00585000,SPY,2024-11-22 10:38:00-05:00,2024-11-25 12:11:00-05:00,0.28,0.01,4413.0,-0.9642857142857143,ok,0.1428571428571428,-0.9285714285714286,-0.9642857142857143
QQQ241125P00506000,QQQ,2024-11-25 09:47:00-05:00,2024-11-25 12:47:00-05:00,0.25,1.94,180.0,6.76,ok,7.4399999999999995,6.04,-0.96
QQQ241202P00500000,QQQ,2024-11-25 12:20:00-05:00,2024-11-26 15:41:00-05:00,1.69,0.62,1641.0,-0.6331360946745562,ok,0.2603550295857988,0.041420118343195256,-0.9467455621301775
PDD241129P00100000,PDD,2024-11-27 13:07:00-05:00,2024-11-29 09:37:00-05:00,1.38,2.87,2670.0,1.0797101449275366,ok,1.3550724637681162,1.9927536231884058,1.514492753623189
UNH241129P00605000,UNH,2024-11-27 13:08:00-05:00,2024-11-29 09:31:00-05:00,1.35,0.34,2663.0,-0.7481481481481482,ok,0.47407407407407387,-0.7555555555555555,-0.9925925925925926
NVDA241129P00134000,NVDA,2024-11-27 15:40:00-05:00,2024-11-29 11:52:00-05:00,0.71,0.01,2652.0,-0.9859154929577465,ok,0.12676056338028174,-0.971830985915493,-0.9859154929577465
TSLA241129P00320000,TSLA,2024-11-27 15:58:00-05:00,2024-11-29 09:32:00-05:00,0.28,0.07,2494.0,-0.75,ok,0.0,-0.4285714285714286,-0.9642857142857143
AMD241206P00127000,AMD,2024-12-02 09:31:00-05:00,2024-12-03 14:51:00-05:00,0.17,0.04,1760.0,-0.7647058823529411,ok,-0.4117647058823529,-0.7058823529411764,-0.9411764705882353
PLTR241206P00066000,PLTR,2024-12-02 12:17:00-05:00,2024-12-03 14:51:00-05:00,1.15,0.19,1594.0,-0.8347826086956521,ok,0.33043478260869574,-0.21739130434782605,-0.991304347826087
TSLA241206P00330000,TSLA,2024-12-02 12:18:00-05:00,2024-12-03 14:51:00-05:00,1.05,0.87,1593.0,-0.17142857142857149,ok,0.5999999999999999,-0.01904761904761909,-0.9904761904761905
QQQ241204P00508000,QQQ,2024-12-02 12:25:00-05:00,2024-12-03 14:50:00-05:00,0.38,0.08,1585.0,-0.7894736842105263,ok,0.5789473684210527,-0.7631578947368421,-0.9736842105263158
MSFT241206P00435000,MSFT,2024-12-04 11:07:00-05:00,2024-12-05 13:13:00-05:00,1.47,0.15,1566.0,-0.8979591836734694,ok,0.4285714285714286,-0.8231292517006803,-0.9931972789115646
NFLX241206P00885000,NFLX,2024-12-04 11:10:00-05:00,2024-12-05 15:50:00-05:00,1.09,0.21,1720.0,-0.8073394495412844,ok,0.19266055045871555,-0.7706422018348624,-0.9908256880733946
TSLA241206P00370000,TSLA,2024-12-06 09:30:00-05:00,2024-12-06 14:28:00-05:00,1.5,0.04,298.0,-0.9733333333333334,ok,0.8666666666666665,-0.96,-0.9933333333333333
QQQ241213P00508000,QQQ,2024-12-09 11:12:00-05:00,2024-12-10 12:32:00-05:00,0.48,0.22,1520.0,-0.5416666666666666,ok,-0.14583333333333337,-0.14583333333333337,-0.9791666666666666
RDDT241213P00155000,RDDT,2024-12-09 12:46:00-05:00,2024-12-10 12:57:00-05:00,1.98,3.5,1451.0,0.7676767676767677,ok,0.9191919191919191,2.333333333333333,-0.9848484848484849
RDDT241213P00150000,RDDT,2024-12-09 13:40:00-05:00,2024-12-10 12:37:00-05:00,0.57,1.5,1377.0,1.6315789473684212,ok,1.6315789473684212,5.491228070175439,-0.9649122807017544
QQQ241216P00515000,QQQ,2024-12-10 12:40:00-05:00,2024-12-11 14:53:00-05:00,1.18,0.2,1573.0,-0.8305084745762712,ok,0.6355932203389831,-0.7627118644067796,-0.9491525423728814
META241213P00605000,META,2024-12-12 09:31:00-05:00,2024-12-13 11:03:00-05:00,0.33,0.11,1532.0,-0.6666666666666667,ok,0.06060606060606055,-0.5151515151515151,-0.9090909090909091
META241213P00615000,META,2024-12-12 12:27:00-05:00,2024-12-13 11:02:00-05:00,0.35,1.1,1355.0,2.1428571428571432,ok,2.828571428571429,3.5428571428571436,-0.9714285714285714
CVNA241220P00225000,CVNA,2024-12-13 11:57:00-05:00,2024-12-16 09:32:00-05:00,0.85,0.5,4175.0,-0.4117647058823529,ok,0.14117647058823524,1.8705882352941177,-0.4117647058823529
QQQ241217P00522000,QQQ,2024-12-13 15:58:00-05:00,2024-12-16 09:30:00-05:00,0.31,0.13,3932.0,-0.5806451612903225,ok,0.16129032258064502,-0.5806451612903225,-0.967741935483871
QQQ241217P00527000,QQQ,2024-12-16 09:30:00-05:00,2024-12-17 09:39:00-05:00,0.39,0.06,1449.0,-0.8461538461538461,ok,0.025641025641025772,-0.8461538461538461,-0.9743589743589743
QQQ241217P00529000,QQQ,2024-12-16 09:33:00-05:00,2024-12-17 09:39:00-05:00,0.61,0.1,1446.0,-0.8360655737704918,ok,0.06557377049180335,-0.6557377049180328,-0.9836065573770492
QQQ241218P00530000,QQQ,2024-12-16 15:13:00-05:00,2024-12-18 10:48:00-05:00,0.58,0.14,2615.0,-0.7586206896551724,ok,1.0689655172413794,32.03448275862069,25.362068965517242
QQQ250102C00530000,QQQ,2024-12-20 09:33:00-05:00,2024-12-20 14:53:00-05:00,1.11,2.84,320.0,1.5585585585585582,ok,2.414414414414414,1.6036036036036037,0.8648648648648645
USO250103C00078000,USO,2024-12-20 09:46:00-05:00,2024-12-23 09:35:00-05:00,0.16,0.13,4309.0,-0.1875,ok,,0.0625,0.0
USO241227C00074000,USO,2024-12-20 15:57:00-05:00,2024-12-23 09:34:00-05:00,0.56,0.36,3937.0,-0.3571428571428572,ok,0.0,0.23214285714285698,0.23214285714285698
AMZN241227P00225000,AMZN,2024-12-26 09:35:00-05:00,2024-12-27 09:43:00-05:00,0.55,2.13,1448.0,2.872727272727272,ok,3.2727272727272725,6.418181818181818,1.2727272727272725
QQQ241226P00526000,QQQ,2024-12-26 11:10:00-05:00,2024-12-26 15:05:00-05:00,0.2,0.01,235.0,-0.95,ok,0.3500000000000001,-0.9,-0.95
AMZN250103P00215000,AMZN,2024-12-30 09:30:00-05:00,2024-12-31 12:56:00-05:00,1.26,0.52,1646.0,-0.5873015873015872,ok,0.17460317460317465,-0.365079365079365,-0.9920634920634921
PLTR250103P00074000,PLTR,2024-12-30 09:37:00-05:00,2024-12-31 12:55:00-05:00,1.04,0.77,1638.0,-0.2596153846153846,ok,0.29807692307692313,1.3076923076923075,-0.9903846153846154
MCD250103P00285000,MCD,2024-12-30 12:58:00-05:00,2024-12-31 12:50:00-05:00,0.68,0.46,1432.0,-0.32352941176470595,ok,-0.044117647058823595,-0.23529411764705888,-0.9705882352941176
USO250103C00076000,USO,2024-12-30 13:15:00-05:00,2024-12-31 09:42:00-05:00,0.42,0.35,1227.0,-0.16666666666666674,ok,-0.09523809523809523,2.619047619047619,1.5952380952380953
NVDA250103P00135000,NVDA,2024-12-30 13:23:00-05:00,2024-12-31 12:55:00-05:00,0.72,1.99,1412.0,1.7638888888888888,ok,2.3333333333333335,2.625,-0.9722222222222222
QQQ250106P00517000,QQQ,2025-01-06 09:32:00-05:00,2025-01-06 11:18:00-05:00,0.23,0.02,106.0,-0.9130434782608696,ok,0.0,-0.8260869565217391,-0.9565217391304348
NVDA250110P00148000,NVDA,2025-01-06 12:18:00-05:00,2025-01-07 10:24:00-05:00,1.88,4.46,1326.0,1.372340425531915,ok,1.6329787234042556,6.164893617021277,5.808510638297873
NVDA250110P00143000,NVDA,2025-01-06 12:23:00-05:00,2025-01-07 10:18:00-05:00,0.68,2.08,1315.0,2.0588235294117645,ok,2.176470588235294,11.867647058823529,10.573529411764705
MCD250110P00280000,MCD,2025-01-06 15:15:00-05:00,2025-01-07 10:33:00-05:00,0.13,0.09,1158.0,-0.3076923076923077,ok,0.0769230769230771,2.076923076923077,-0.23076923076923073
QQQ250109P00513000,QQQ,2025-01-08 13:51:00-05:00,2025-01-08 15:06:00-05:00,1.21,0.58,75.0,-0.5206611570247934,ok,0.44628099173553726,-0.25619834710743794,-0.8760330578512396
NVDA250110P00133000,NVDA,2025-01-10 09:31:00-05:00,2025-01-10 11:34:00-05:00,0.36,0.12,123.0,-0.6666666666666667,ok,0.8333333333333335,-0.5,-0.9444444444444444
NVDA250110C00140000,NVDA,2025-01-10 09:33:00-05:00,2025-01-10 09:42:00-05:00,0.22,0.11,9.0,-0.5,ok,-0.22727272727272718,-0.31818181818181823,-0.9545454545454546
NVDA250117C00138000,NVDA,2025-01-13 09:32:00-05:00,2025-01-14 09:30:00-05:00,1.01,1.78,1438.0,0.7623762376237624,ok,0.16831683168316824,0.8514851485148516,-0.8316831683168316
PDD250131P00090000,PDD,2025-01-13 12:24:00-05:00,2025-01-14 12:14:00-05:00,1.14,0.72,1430.0,-0.36842105263157887,ok,0.0,-0.631578947368421,-0.8421052631578947
MCD250117C00290000,MCD,2025-01-13 12:25:00-05:00,2025-01-13 15:43:00-05:00,0.59,0.48,198.0,-0.18644067796610164,ok,0.23728813559322037,0.27118644067796627,-0.9661016949152542
AVGO250124P00225000,AVGO,2025-01-21 09:30:00-05:00,2025-01-21 15:41:00-05:00,0.42,0.19,371.0,-0.5476190476190477,ok,0.2857142857142858,-0.40476190476190477,-0.9761904761904762
NVDA250124P00146000,NVDA,2025-01-23 13:36:00-05:00,2025-01-24 12:46:00-05:00,1.05,1.93,1390.0,0.838095238095238,ok,1.0952380952380953,2.904761904761904,2.333333333333333
QQQ250124P00529000,QQQ,2025-01-23 15:52:00-05:00,2025-01-24 12:47:00-05:00,0.84,0.14,1255.0,-0.8333333333333333,ok,0.0,0.5119047619047621,-0.9642857142857143
NVDA250131C00135000,NVDA,2025-01-27 09:32:00-05:00,2025-01-28 09:32:00-05:00,1.87,0.39,1440.0,-0.7914438502673797,ok,0.1871657754010696,-0.4117647058823529,-0.9732620320855615
PLTR250131P00069000,PLTR,2025-01-27 13:11:00-05:00,2025-01-28 09:32:00-05:00,0.79,0.33,1221.0,-0.5822784810126582,ok,0.379746835443038,-0.2405063291139241,-0.9873417721518988
KRE250207P00064500,KRE,2025-01-30 11:23:00-05:00,2025-01-31 14:52:00-05:00,0.99,1.21,1649.0,0.2222222222222221,ok,0.2525252525252526,1.8282828282828283,0.9292929292929293
KRE250131P00064500,KRE,2025-01-30 14:37:00-05:00,2025-01-31 13:39:00-05:00,0.23,0.39,1382.0,0.6956521739130435,ok,2.4782608695652173,1.6956521739130435,0.3043478260869563
META250131P00685000,META,2025-01-31 12:55:00-05:00,2025-01-31 13:35:00-05:00,0.12,0.36,40.0,2.0,ok,2.166666666666667,8.000000000000002,-0.9166666666666666
KRE250214P00062000,KRE,2025-02-03 09:34:00-05:00,2025-02-04 09:52:00-05:00,1.31,0.77,1458.0,-0.4122137404580153,ok,0.01526717557251911,-0.5801526717557252,-0.916030534351145
META250207P00660000,META,2025-02-03 09:45:00-05:00,2025-02-06 14:38:00-05:00,2.32,0.06,4613.0,-0.9741379310344828,ok,0.7025862068965518,-0.9698275862068966,-0.9956896551724138
KRE250207P00061500,KRE,2025-02-03 11:06:00-05:00,2025-02-04 09:53:00-05:00,0.4,0.27,1367.0,-0.32499999999999996,ok,0.19999999999999996,-0.375,-0.95
KRE250214P00062000,KRE,2025-02-03 12:31:00-05:00,2025-02-04 09:52:00-05:00,0.95,0.77,1281.0,-0.18947368421052624,ok,-0.06315789473684208,-0.42105263157894735,-0.8842105263157894
PLTR250207P00070000,PLTR,2025-02-03 12:39:00-05:00,2025-02-04 09:36:00-05:00,1.35,0.01,1257.0,-0.9925925925925926,ok,0.07407407407407396,-0.9555555555555556,-0.9925925925925926
QQQ250205P00516000,QQQ,2025-02-05 09:58:00-05:00,2025-02-05 13:46:00-05:00,0.31,0.02,228.0,-0.935483870967742,ok,0.35483870967741926,-0.935483870967742,-0.967741935483871
META250207P00665000,META,2025-02-05 15:13:00-05:00,2025-02-06 14:37:00-05:00,0.34,0.07,1404.0,-0.7941176470588235,ok,0.0,-0.7058823529411764,-0.9705882352941176
PLTR250214P00100000,PLTR,2025-02-06 14:32:00-05:00,2025-02-10 10:29:00-05:00,1.39,0.31,5517.0,-0.7769784172661871,ok,0.03597122302158273,-0.7410071942446044,-0.9712230215827338
SPY250228P00580000,SPY,2025-02-06 14:37:00-05:00,2025-02-07 15:24:00-05:00,1.99,2.27,1487.0,0.14070351758793964,ok,0.20603015075376874,0.14070351758793964,-0.34170854271356776
QQQ250213P00520000,QQQ,2025-02-11 10:38:00-05:00,2025-02-12 09:32:00-05:00,0.91,1.97,1374.0,1.1648351648351647,ok,1.3406593406593403,1.0549450549450552,-0.989010989010989
MCD250214P00305000,MCD,2025-02-11 11:04:00-05:00,2025-02-13 10:31:00-05:00,0.6,0.5,2847.0,-0.16666666666666663,ok,1.1,-0.31666666666666665,-0.9833333333333333
NVDA250214P00127000,NVDA,2025-02-11 11:55:00-05:00,2025-02-12 11:54:00-05:00,0.7,0.77,1439.0,0.10000000000000009,ok,1.4285714285714288,0.41428571428571437,-0.9857142857142858
META250214P00700000,META,2025-02-12 10:11:00-05:00,2025-02-13 10:20:00-05:00,2.02,0.32,1449.0,-0.8415841584158416,ok,0.03960396039603964,-0.6782178217821782,-0.995049504950495
TSLA250214P00335000,TSLA,2025-02-13 09:30:00-05:00,2025-02-13 10:20:00-05:00,2.52,0.8,50.0,-0.6825396825396826,ok,0.08333333333333326,-0.4642857142857143,-0.996031746031746
KRE250214P00063000,KRE,2025-02-13 15:59:00-05:00,2025-02-14 10:14:00-05:00,0.09,0.01,1095.0,-0.8888888888888888,ok,-0.4444444444444444,-0.7777777777777778,-0.8888888888888888
PLTR250221P00118000,PLTR,2025-02-19 09:30:00-05:00,2025-02-19 15:23:00-05:00,0.92,3.31,353.0,2.5978260869565215,ok,2.369565217391304,22.956521739130434,17.184782608695652
KRE250221P00063500,KRE,2025-02-19 09:34:00-05:00,2025-02-20 10:55:00-05:00,0.44,1.05,1521.0,1.3863636363636362,ok,1.272727272727273,3.840909090909091,3.840909090909091
NFLX250221P00985000,NFLX,2025-02-20 09:58:00-05:00,2025-02-20 10:48:00-05:00,0.65,0.65,50.0,0.0,ok,0.5692307692307692,0.4307692307692308,-0.8
NVDA250221P00137000,NVDA,2025-02-20 15:39:00-05:00,2025-02-21 13:03:00-05:00,0.44,0.81,1284.0,0.840909090909091,ok,0.5227272727272727,5.590909090909091,5.113636363636363
NVDA250221P00137000,NVDA,2025-02-21 12:25:00-05:00,2025-02-21 14:27:00-05:00,0.13,1.28,122.0,8.846153846153847,ok,9.615384615384615,21.307692307692307,19.69230769230769
KRE250228P00060000,KRE,2025-02-24 10:07:00-05:00,2025-02-24 15:55:00-05:00,0.59,0.37,348.0,-0.3728813559322034,ok,-0.288135593220339,-0.11864406779661008,-0.8305084745762712
QQQ250225P00519000,QQQ,2025-02-24 13:40:00-05:00,2025-02-24 15:54:00-05:00,0.6,1.69,134.0,1.8166666666666669,ok,2.016666666666667,14.416666666666668,7.566666666666666
TSLA250228C00327500,TSLA,2025-02-25 13:57:00-05:00,2025-02-25 15:11:00-05:00,1.49,1.44,74.0,-0.033557046979865834,ok,0.08053691275167796,0.4429530201342282,-0.9932885906040269
QQQ250303P00501000,QQQ,2025-02-28 15:18:00-05:00,2025-02-28 15:48:00-05:00,2.42,1.86,30.0,-0.23140495867768585,ok,0.20661157024793386,1.9132231404958677,1.3471074380165287
QQQ250303P00500000,QQQ,2025-02-28 15:21:00-05:00,2025-02-28 15:48:00-05:00,2.34,1.63,27.0,-0.30341880341880345,ok,0.08547008547008561,1.7307692307692308,1.14957264957265
QQQ250306C00500000,QQQ,2025-03-05 10:20:00-05:00,2025-03-05 10:29:00-05:00,2.87,2.43,9.0,-0.1533101045296167,ok,0.010452961672473782,1.1045296167247387,-0.9965156794425087
QQQ250307P00490000,QQQ,2025-03-05 10:30:00-05:00,2025-03-05 10:32:00-05:00,4.56,4.3,2.0,-0.05701754385964908,ok,-0.030701754385964897,1.1206140350877196,-0.9956140350877193
QQQ250307P00486000,QQQ,2025-03-06 11:49:00-05:00,2025-03-06 15:49:00-05:00,2.2,3.87,240.0,0.759090909090909,ok,1.277272727272727,1.859090909090909,-0.990909090909091
QQQ250310P00480000,QQQ,2025-03-07 12:20:00-05:00,2025-03-07 14:03:00-05:00,4.47,0.95,103.0,-0.7874720357941835,ok,0.006711409395973256,1.1700223713646531,1.161073825503356
QQQ250310P00480000,QQQ,2025-03-07 14:42:00-05:00,2025-03-07 15:41:00-05:00,0.79,1.08,59.0,0.36708860759493667,ok,0.4303797468354429,13.240506329113924,8.40506329113924
TSLA250321C00275000,TSLA,2025-03-10 12:54:00-04:00,2025-03-10 13:07:00-04:00,2.79,2.45,13.0,-0.12186379928315405,ok,0.0035842293906809264,0.989247311827957,-0.3763440860215054
BABA250314P00130000,BABA,2025-03-10 14:11:00-04:00,2025-03-10 15:46:00-04:00,2.36,2.58,95.0,0.09322033898305104,ok,0.27118644067796627,0.11440677966101687,-0.9576271186440678
COIN250314P00185000,COIN,2025-03-11 14:54:00-04:00,2025-03-11 15:59:00-04:00,4.05,4.6,65.0,0.1358024691358024,ok,0.22222222222222232,1.2222222222222223,-0.5777777777777777
QQQ250314P00480000,QQQ,2025-03-12 09:33:00-04:00,2025-03-12 09:49:00-04:00,5.8,7.18,16.0,0.23793103448275854,ok,0.24655172413793114,1.3689655172413793,-0.7517241379310344
COIN250321C00200000,COIN,2025-03-13 14:03:00-04:00,2025-03-13 14:56:00-04:00,2.35,2.15,53.0,-0.08510638297872353,ok,0.06382978723404253,0.32340425531914874,-0.16170212765957448
SPY250317C00564000,SPY,2025-03-14 11:07:00-04:00,2025-03-14 11:42:00-04:00,1.83,2.45,35.0,0.3387978142076504,ok,0.35519125683060104,0.8579234972677594,-0.40437158469945356
QQQ250317C00486000,QQQ,2025-03-17 15:19:00-04:00,2025-03-17 15:27:00-04:00,0.19,0.12,8.0,-0.368421052631579,ok,0.21052631578947367,0.10526315789473673,-0.9473684210526316
SPY250318C00574000,SPY,2025-03-17 15:31:00-04:00,2025-03-17 15:51:00-04:00,0.5,0.34,20.0,-0.31999999999999995,ok,0.0,-0.26,-0.98
USO250328P00072000,USO,2025-03-18 11:16:00-04:00,2025-03-18 12:29:00-04:00,1.07,1.15,73.0,0.0747663551401867,ok,0.09345794392523343,0.2710280373831775,-0.6261682242990654
RDDT250417P00070000,RDDT,2025-03-18 15:15:00-04:00,2025-03-19 15:07:00-04:00,0.71,0.4,1432.0,-0.43661971830985913,ok,0.16901408450704225,-0.3661971830985915,-0.5633802816901408
AAPL250321P00210000,AAPL,2025-03-20 09:33:00-04:00,2025-03-20 14:27:00-04:00,0.66,0.58,294.0,-0.12121212121212133,ok,0.2727272727272727,0.28787878787878785,-0.9848484848484849
AAPL250321P00210000,AAPL,2025-03-20 14:39:00-04:00,2025-03-20 15:46:00-04:00,0.75,0.39,67.0,-0.48,ok,0.06666666666666665,0.053333333333333455,-0.9866666666666667
AMD250328P00110000,AMD,2025-03-24 15:00:00-04:00,2025-03-25 14:55:00-04:00,0.56,0.5,1435.0,-0.1071428571428572,ok,0.24999999999999978,12.214285714285714,11.14285714285714
AMD250328P00114000,AMD,2025-03-24 15:00:00-04:00,2025-03-25 14:51:00-04:00,1.78,2.06,1431.0,0.1573033707865168,ok,0.3370786516853932,4.98314606741573,4.98314606741573
AMD250404P00108000,AMD,2025-03-24 15:03:00-04:00,2025-03-25 14:51:00-04:00,0.97,1.04,1428.0,0.07216494845360821,ok,0.2061855670103092,5.185567010309279,4.824742268041238
CVNA250328P00210000,CVNA,2025-03-26 09:33:00-04:00,2025-03-26 11:31:00-04:00,2.6,6.3,118.0,1.423076923076923,ok,1.5384615384615383,4.576923076923077,1.2538461538461538
META250328P00600000,META,2025-03-27 10:06:00-04:00,2025-03-27 14:02:00-04:00,2.86,3.15,236.0,0.10139860139860146,ok,0.22377622377622375,8.055944055944057,7.122377622377623
QQQ250327P00483000,QQQ,2025-03-27 10:34:00-04:00,2025-03-27 11:59:00-04:00,0.96,1.46,85.0,0.5208333333333333,ok,0.5208333333333333,1.03125,0.20833333333333326
META250328P00595000,META,2025-03-28 09:32:00-04:00,2025-03-28 09:58:00-04:00,3.35,4.05,26.0,0.20895522388059695,ok,0.28358208955223874,5.26865671641791,4.3373134328358205
META250328P00595000,META,2025-03-28 09:32:00-04:00,2025-03-28 09:58:00-04:00,3.35,4.05,26.0,0.20895522388059695,ok,0.28358208955223874,5.26865671641791,4.3373134328358205
AAPL250411P00210000,AAPL,2025-03-28 09:34:00-04:00,2025-03-31 15:53:00-04:00,1.39,1.21,4699.0,-0.1294964028776978,ok,0.985611510791367,6.769784172661872,6.230215827338131
AAPL250411P00210000,AAPL,2025-03-31 09:32:00-04:00,2025-03-31 15:53:00-04:00,2.37,1.21,381.0,-0.48945147679324896,ok,0.16455696202531622,3.556962025316456,3.2405063291139244
META250404C00587500,META,2025-03-31 09:36:00-04:00,2025-03-31 09:45:00-04:00,3.2,2.7,9.0,-0.15625,ok,0.10312499999999991,3.124999999999999,-0.89375
META250404P00565000,META,2025-04-01 09:32:00-04:00,2025-04-01 15:50:00-04:00,7.43,3.9,378.0,-0.4751009421265141,ok,0.084791386271871,8.312247644683715,5.998654104979812
BABA250411P00130000,BABA,2025-04-02 09:31:00-04:00,2025-04-03 09:31:00-04:00,2.94,5.25,1440.0,0.7857142857142858,ok,0.37755102040816313,5.292517006802721,4.312925170068027
META250411P00580000,META,2025-04-02 09:55:00-04:00,2025-04-03 09:33:00-04:00,13.0,36.0,1418.0,1.7692307692307692,ok,1.9615384615384617,5.107692307692308,4.907692307692307
BABA250417P00120000,BABA,2025-04-02 11:00:00-04:00,2025-04-03 14:55:00-04:00,1.29,1.35,1675.0,0.04651162790697683,ok,0.5503875968992247,7.728682170542635,4.852713178294573
MSFT250417C00390000,MSFT,2025-04-04 11:03:00-04:00,2025-04-04 13:19:00-04:00,3.95,2.24,136.0,-0.43291139240506327,ok,0.11392405063291133,-0.2405063291139241,-0.5139240506329115
QQQ250407P00418000,QQQ,2025-04-04 14:44:00-04:00,2025-04-07 09:30:00-04:00,5.35,12.09,4006.0,1.2598130841121495,ok,0.15140186915887854,2.02803738317757,-0.9981308411214953
QQQ250408P00386000,QQQ,2025-04-07 09:54:00-04:00,2025-04-07 10:12:00-04:00,2.16,0.64,18.0,-0.7037037037037037,ok,-0.13888888888888895,0.18055555555555536,-0.9953703703703703
QQQ250408P00410000,QQQ,2025-04-07 12:36:00-04:00,2025-04-07 15:44:00-04:00,5.5,3.72,188.0,-0.3236363636363636,ok,0.2909090909090908,-0.2963636363636364,-0.9963636363636363
META250411P00530000,META,2025-04-08 09:30:00-04:00,2025-04-08 12:19:00-04:00,12.0,17.93,169.0,0.49416666666666664,ok,0.49416666666666664,1.7983333333333333,-0.8766666666666667
QQQ250409P00443000,QQQ,2025-04-09 13:39:00-04:00,2025-04-09 15:00:00-04:00,2.57,0.87,81.0,-0.6614785992217899,ok,0.556420233463035,-0.6614785992217899,-0.9961089494163424
QQQ250411P00430000,QQQ,2025-04-10 15:27:00-04:00,2025-04-10 15:50:00-04:00,2.05,2.64,23.0,0.28780487804878074,ok,0.902439024390244,0.2682926829268295,-0.9951219512195122
META250417P00500000,META,2025-04-11 09:34:00-04:00,2025-04-11 12:31:00-04:00,9.0,6.59,177.0,-0.2677777777777778,ok,0.18222222222222229,-0.24444444444444446,-0.5722222222222222
QQQ250411P00449000,QQQ,2025-04-11 12:54:00-04:00,2025-04-11 15:16:00-04:00,1.75,0.17,142.0,-0.9028571428571428,ok,0.6514285714285715,-0.8571428571428572,-0.9942857142857143
QQQ250414P00458000,QQQ,2025-04-14 14:37:00-04:00,2025-04-14 15:07:00-04:00,0.87,0.27,30.0,-0.6896551724137931,ok,-0.11494252873563215,1.0229885057471266,0.14942528735632177
QQQ250414P00458000,QQQ,2025-04-14 15:08:00-04:00,2025-04-14 15:24:00-04:00,0.28,0.2,16.0,-0.2857142857142857,ok,0.1785714285714286,5.285714285714286,2.571428571428571
PLTR250417P00095000,PLTR,2025-04-15 12:14:00-04:00,2025-04-15 15:01:00-04:00,1.63,1.34,167.0,-0.1779141104294477,ok,0.14723926380368102,2.4846625766871164,-0.25153374233128833
QQQ250421P00435000,QQQ,2025-04-17 15:08:00-04:00,2025-04-17 15:59:00-04:00,1.21,1.39,51.0,0.14876033057851235,ok,0.3801652892561984,0.17355371900826433,-0.10743801652892548
BABA250502P00105000,BABA,2025-04-21 09:33:00-04:00,2025-04-22 15:57:00-04:00,2.75,0.8,1824.0,-0.709090909090909,ok,0.10909090909090913,-0.8,-0.9272727272727272
BABA250425P00108000,BABA,2025-04-21 09:36:00-04:00,2025-04-22 15:29:00-04:00,2.55,0.5,1793.0,-0.803921568627451,ok,0.21568627450980404,-0.792156862745098,-0.996078431372549
BABA250425P00108000,BABA,2025-04-21 09:36:00-04:00,2025-04-22 15:29:00-04:00,2.55,0.5,1793.0,-0.803921568627451,ok,0.21568627450980404,-0.792156862745098,-0.996078431372549
AVGO250509P00140000,AVGO,2025-04-21 10:47:00-04:00,2025-04-22 15:57:00-04:00,1.83,0.97,1750.0,-0.4699453551912569,ok,0.20765027322404372,-0.7049180327868853,-0.9398907103825137
QQQ250423P00458000,QQQ,2025-04-23 09:30:00-04:00,2025-04-23 11:49:00-04:00,2.69,3.96,139.0,0.47211895910780677,ok,0.5799256505576209,0.970260223048327,0.24907063197026025
QQQ250423P00458000,QQQ,2025-04-23 09:30:00-04:00,2025-04-23 11:49:00-04:00,2.69,3.96,139.0,0.47211895910780677,ok,0.5799256505576209,0.970260223048327,0.24907063197026025
QQQ250423P00458000,QQQ,2025-04-23 09:32:00-04:00,2025-04-23 12:21:00-04:00,2.5,4.95,169.0,0.98,ok,1.06,1.12,0.34399999999999986
QQQ250423P00458000,QQQ,2025-04-23 09:34:00-04:00,2025-04-23 12:21:00-04:00,2.52,4.95,167.0,0.9642857142857144,ok,1.043650793650794,1.1031746031746033,0.33333333333333326
META250425P00540000,META,2025-04-25 13:31:00-04:00,2025-04-25 13:58:00-04:00,0.21,1.11,27.0,4.2857142857142865,ok,6.142857142857143,3.333333333333334,-0.9523809523809523
META250425P00540000,META,2025-04-25 13:31:00-04:00,2025-04-25 15:04:00-04:00,0.21,0.07,93.0,-0.6666666666666666,ok,6.142857142857143,-0.5238095238095237,-0.9523809523809523
AVGO250502P00180000,AVGO,2025-04-25 15:18:00-04:00,2025-04-25 15:21:00-04:00,1.44,1.36,3.0,-0.05555555555555547,ok,0.0,0.38888888888888884,-0.27083333333333326
AMZN250502P00182500,AMZN,2025-04-29 09:36:00-04:00,2025-04-29 15:56:00-04:00,5.3,4.07,380.0,-0.23207547169811316,ok,0.09811320754717001,0.509433962264151,-0.9943396226415094
QQQ250430P00464000,QQQ,2025-04-30 11:17:00-04:00,2025-04-30 14:07:00-04:00,0.59,0.11,170.0,-0.8135593220338984,ok,0.0847457627118644,-0.7457627118644068,-0.9830508474576272
NFLX250502P01100000,NFLX,2025-05-01 09:31:00-04:00,2025-05-01 14:13:00-04:00,4.8,1.0,282.0,-0.7916666666666666,ok,0.16666666666666674,-0.70625,-0.9979166666666667
NFLX250502P01080000,NFLX,2025-05-01 09:50:00-04:00,2025-05-01 14:13:00-04:00,1.38,0.54,263.0,-0.608695652173913,ok,0.1521739130434785,-0.47101449275362317,-0.9927536231884058
AVGO250516P00175000,AVGO,2025-05-02 15:36:00-04:00,2025-05-05 13:34:00-04:00,0.68,0.56,4198.0,-0.17647058823529405,ok,0.23529411764705865,0.3970588235294117,-0.6911764705882353
AMD250509P00093000,AMD,2025-05-05 09:30:00-04:00,2025-05-05 13:34:00-04:00,1.89,1.25,244.0,-0.3386243386243386,ok,0.005291005291005346,0.26984126984126977,-0.9841269841269842
QQQ250506P00481000,QQQ,2025-05-05 10:19:00-04:00,2025-05-05 13:34:00-04:00,1.07,0.58,195.0,-0.4579439252336449,ok,0.44859813084112155,2.2803738317757007,-0.9158878504672897
MSFT250509P00425000,MSFT,2025-05-06 09:30:00-04:00,2025-05-07 15:42:00-04:00,1.79,0.39,1812.0,-0.782122905027933,ok,0.05027932960893855,-0.4804469273743016,-0.994413407821229
QQQ250506P00475000,QQQ,2025-05-06 09:35:00-04:00,2025-05-06 11:36:00-04:00,0.46,0.05,121.0,-0.8913043478260869,ok,0.6304347826086956,-0.8043478260869565,-0.9782608695652174
AMD250509P00093000,AMD,2025-05-07 13:37:00-04:00,2025-05-07 15:42:00-04:00,0.53,0.26,125.0,-0.5094339622641509,ok,0.6037735849056602,-0.339622641509434,-0.9811320754716981
QQQ250509P00481000,QQQ,2025-05-08 09:32:00-04:00,2025-05-08 14:54:00-04:00,1.27,0.33,322.0,-0.7401574803149606,ok,0.7559055118110236,-0.4881889763779528,-0.9921259842519685
META250509P00595000,META,2025-05-09 09:30:00-04:00,2025-05-09 10:39:00-04:00,1.36,4.4,69.0,2.235294117647059,ok,2.6323529411764706,2.323529411764705,0.838235294117647
PLTR250530P00100000,PLTR,2025-05-12 09:38:00-04:00,2025-05-19 09:31:00-04:00,1.01,0.31,10073.0,-0.693069306930693,ok,0.28712871287128716,-0.6039603960396039,-0.6633663366336633
MSFT250620P00400000,MSFT,2025-05-12 09:39:00-04:00,2025-05-15 11:08:00-04:00,1.99,1.11,4409.0,-0.4422110552763818,ok,0.05527638190954787,-0.35678391959798994,-0.4974874371859297
AVGO250516P00210000,AVGO,2025-05-13 10:04:00-04:00,2025-05-15 10:44:00-04:00,0.27,0.06,2920.0,-0.7777777777777778,ok,-0.03703703703703709,-0.8148148148148149,-0.962962962962963
QQQ250514P00512000,QQQ,2025-05-14 10:58:00-04:00,2025-05-14 14:04:00-04:00,0.2,0.05,186.0,-0.75,ok,1.0499999999999998,-0.7,-0.95
CVNA250516P00287500,CVNA,2025-05-15 09:35:00-04:00,2025-05-15 10:34:00-04:00,1.12,2.2,59.0,0.9642857142857142,ok,1.0,0.9910714285714284,-0.9821428571428571
QQQ250519P00519000,QQQ,2025-05-16 09:30:00-04:00,2025-05-19 09:30:00-04:00,2.58,4.76,4320.0,0.8449612403100775,ok,0.5116279069767442,0.8178294573643412,-0.9961240310077519
QQQ250520P00508000,QQQ,2025-05-16 09:34:00-04:00,2025-05-19 09:30:00-04:00,0.79,0.97,4316.0,0.22784810126582267,ok,0.35443037974683556,0.30379746835443044,-0.9873417721518988
MSTR250530P00357500,MSTR,2025-05-30 09:33:00-04:00,2025-05-30 11:17:00-04:00,1.16,0.68,104.0,-0.4137931034482758,ok,0.25,0.7758620689655173,-0.9913793103448276
MSFT250620P00430000,MSFT,2025-06-02 09:53:00-04:00,2025-06-02 12:51:00-04:00,1.32,1.15,178.0,-0.1287878787878789,ok,0.06060606060606055,-0.09090909090909094,-0.5606060606060607
QQQ250602C00523000,QQQ,2025-06-02 12:57:00-04:00,2025-06-02 13:09:00-04:00,0.29,0.38,12.0,0.3103448275862071,ok,0.4482758620689655,1.7931034482758625,1.6206896551724141
META250606P00650000,META,2025-06-03 09:30:00-04:00,2025-06-04 15:16:00-04:00,1.99,0.37,1786.0,-0.8140703517587939,ok,0.6834170854271358,-0.7839195979899498,-0.9899497487437185
QQQ250604P00512000,QQQ,2025-06-03 09:38:00-04:00,2025-06-03 10:54:00-04:00,0.32,0.1,76.0,-0.6875,ok,0.0625,-0.6875,-0.96875
CVNA250606P00317500,CVNA,2025-06-04 09:42:00-04:00,2025-06-04 15:16:00-04:00,0.82,0.4,334.0,-0.5121951219512195,ok,0.4390243902439024,-0.1707317073170731,-0.9878048780487805
CRWV250606P00133000,CRWV,2025-06-04 14:59:00-04:00,2025-06-05 09:31:00-04:00,1.16,1.2,1112.0,0.034482758620689724,ok,0.4051724137931034,3.8275862068965516,-0.9913793103448276
META250606P00667500,META,2025-06-05 09:30:00-04:00,2025-06-05 15:45:00-04:00,1.09,0.75,375.0,-0.3119266055045872,ok,0.47706422018348627,0.00917431192660545,-0.9908256880733946
META250606P00690000,META,2025-06-06 09:30:00-04:00,2025-06-06 14:00:00-04:00,1.78,0.11,270.0,-0.9382022471910112,ok,0.03370786516853941,-0.9382022471910112,-0.9943820224719101
QQQ250606P00530000,QQQ,2025-06-06 14:32:00-04:00,2025-06-06 15:18:00-04:00,0.28,0.35,46.0,0.24999999999999978,ok,0.3928571428571428,0.9642857142857142,-0.5357142857142858
QQQ250609P00525000,QQQ,2025-06-09 09:34:00-04:00,2025-06-09 10:12:00-04:00,0.35,0.1,38.0,-0.7142857142857142,ok,0.25714285714285734,-0.6857142857142857,-0.9714285714285714
QQQ250609P00528000,QQQ,2025-06-09 11:31:00-04:00,2025-06-09 12:39:00-04:00,0.28,0.14,68.0,-0.5,ok,0.1428571428571428,-0.3571428571428572,-0.9285714285714286
QQQ250611P00524000,QQQ,2025-06-10 09:32:00-04:00,2025-06-10 13:13:00-04:00,0.8,0.31,221.0,-0.6125,ok,0.30000000000000004,-0.26250000000000007,-0.9875
COIN250613P00237500,COIN,2025-06-11 13:57:00-04:00,2025-06-12 15:06:00-04:00,0.36,1.29,1509.0,2.5833333333333335,ok,5.166666666666668,7.888888888888889,-0.9722222222222222
META250613P00667500,META,2025-06-12 09:55:00-04:00,2025-06-12 13:04:00-04:00,0.66,0.34,189.0,-0.48484848484848486,ok,0.2272727272727273,-0.40909090909090906,-0.9848484848484849
IBM250613P00277500,IBM,2025-06-13 09:31:00-04:00,2025-06-13 15:30:00-04:00,1.1,0.6,359.0,-0.4545454545454546,ok,0.6818181818181817,-0.2727272727272727,-0.5454545454545454
KRE250620P00055000,KRE,2025-06-13 10:30:00-04:00,2025-06-16 10:17:00-04:00,0.45,0.17,4307.0,-0.6222222222222222,ok,0.19999999999999996,0.0,-0.6666666666666667
NFLX250620P01150000,NFLX,2025-06-16 10:53:00-04:00,2025-06-17 11:37:00-04:00,0.89,0.43,1484.0,-0.5168539325842697,ok,0.1685393258426966,-0.0674157303370787,-0.9438202247191011
CRWV250620P00140000,CRWV,2025-06-18 09:35:00-04:00,2025-06-18 11:31:00-04:00,0.58,0.26,116.0,-0.5517241379310345,ok,-0.017241379310344862,-0.48275862068965514,-0.9827586206896551
COIN250620P00265000,COIN,2025-06-18 12:37:00-04:00,2025-06-18 14:12:00-04:00,1.06,0.52,95.0,-0.5094339622641509,ok,0.18867924528301883,-0.4811320754716981,-0.9905660377358491
CVNA250620P00307500,CVNA,2025-06-20 09:33:00-04:00,2025-06-20 13:45:00-04:00,1.22,0.09,252.0,-0.9262295081967213,ok,1.0491803278688523,-0.7704918032786885,-0.9836065573770492
QQQ250624P00522000,QQQ,2025-06-23 10:09:00-04:00,2025-06-23 12:26:00-04:00,0.58,1.02,137.0,0.7586206896551726,ok,0.7931034482758623,2.724137931034483,-0.9827586206896551
QQQ250625P00525000,QQQ,2025-06-23 15:59:00-04:00,2025-06-24 09:37:00-04:00,0.95,0.19,1058.0,-0.8,ok,0.12631578947368438,-0.7684210526315789,-0.9894736842105263
TSLA250627P00325000,TSLA,2025-06-24 09:30:00-04:00,2025-06-24 09:43:00-04:00,1.07,1.91,13.0,0.7850467289719625,ok,0.9626168224299065,7.738317757009344,2.551401869158878
QQQ250722P00558000,QQQ,2025-07-22 12:45:00-04:00,2025-07-22 14:01:00-04:00,0.22,0.03,76.0,-0.8636363636363636,ok,0.2272727272727273,-0.36363636363636354,-0.9545454545454546
AMD250725P00152500,AMD,2025-07-23 12:54:00-04:00,2025-07-23 15:57:00-04:00,0.58,0.57,183.0,-0.017241379310344862,ok,0.15517241379310365,0.01724137931034475,-0.9827586206896551
AMD250725P00149000,AMD,2025-07-23 12:56:00-04:00,2025-07-23 15:05:00-04:00,0.23,0.24,129.0,0.04347826086956519,ok,0.17391304347826098,0.21739130434782616,-0.9565217391304348
AMD250725P00155000,AMD,2025-07-24 09:30:00-04:00,2025-07-24 13:11:00-04:00,0.7,0.11,221.0,-0.8428571428571429,ok,0.18571428571428572,-0.7999999999999999,-0.9857142857142858
PLTR250725P00157500,PLTR,2025-07-25 09:57:00-04:00,2025-07-25 14:35:00-04:00,0.57,0.06,278.0,-0.8947368421052632,ok,0.03508771929824572,-0.8421052631578947,-0.9824561403508771
NVDA250801P00170000,NVDA,2025-07-28 09:35:00-04:00,2025-07-28 13:22:00-04:00,0.96,0.81,227.0,-0.1562499999999999,ok,0.14583333333333348,-0.04166666666666663,-0.90625
AMD250801P00157500,AMD,2025-07-28 09:37:00-04:00,2025-07-28 13:22:00-04:00,0.32,0.23,225.0,-0.28125,ok,0.0625,-0.21875,-0.96875
AMD250808P00162500,AMD,2025-08-04 09:40:00-04:00,2025-08-05 11:27:00-04:00,2.32,2.49,1547.0,0.07327586206896575,ok,0.31465517241379315,1.4827586206896552,-0.9913793103448276
QQQ250804P00559000,QQQ,2025-08-04 09:48:00-04:00,2025-08-04 15:14:00-04:00,0.58,0.03,326.0,-0.9482758620689655,ok,0.13793103448275867,-0.9310344827586207,-0.9827586206896551
QQQ250804P00559000,QQQ,2025-08-04 12:52:00-04:00,2025-08-04 15:14:00-04:00,0.12,0.03,142.0,-0.75,ok,0.0,-0.6666666666666666,-0.9166666666666666
QQQ250807P00550000,QQQ,2025-08-05 10:22:00-04:00,2025-08-05 11:01:00-04:00,0.4,0.77,39.0,0.925,ok,1.0999999999999996,1.1749999999999998,-0.975
AAPL250808P00207500,AAPL,2025-08-06 11:38:00-04:00,2025-08-07 09:33:00-04:00,0.53,0.07,1315.0,-0.8679245283018868,ok,0.18867924528301883,-0.8301886792452831,-0.9811320754716981
AAPL250808P00215000,AAPL,2025-08-07 09:40:00-04:00,2025-08-08 09:56:00-04:00,0.57,0.03,1456.0,-0.9473684210526315,ok,0.5789473684210529,-0.9298245614035088,-0.9824561403508771
AAPL250808P00210000,AAPL,2025-08-07 09:43:00-04:00,2025-08-07 14:09:00-04:00,0.15,0.05,266.0,-0.6666666666666666,ok,0.26666666666666683,-0.5333333333333332,-0.9333333333333333
AAPL250808P00210000,AAPL,2025-08-07 12:48:00-04:00,2025-08-07 14:09:00-04:00,0.08,0.05,81.0,-0.375,ok,0.125,-0.12499999999999989,-0.875
RDDT250815P00240000,RDDT,2025-08-15 11:19:00-04:00,2025-08-15 13:53:00-04:00,0.39,0.18,154.0,-0.5384615384615385,ok,0.7435897435897436,-0.5384615384615385,-0.9743589743589743
RDDT250829P00200000,RDDT,2025-08-19 09:37:00-04:00,2025-08-20 09:31:00-04:00,1.31,2.2,1434.0,0.6793893129770994,ok,0.9083969465648853,5.015267175572519,0.5190839694656488
META250822P00735000,META,2025-08-19 09:39:00-04:00,2025-08-19 10:40:00-04:00,1.67,2.93,61.0,0.754491017964072,ok,0.8562874251497008,5.479041916167665,-0.844311377245509
SPY250821C00640000,SPY,2025-08-20 09:39:00-04:00,2025-08-20 09:42:00-04:00,1.35,1.24,3.0,-0.0814814814814816,ok,-0.03703703703703709,0.022222222222222143,-0.9925925925925926
SNAP250822P00007000,SNAP,2025-08-20 10:38:00-04:00,2025-08-21 15:30:00-04:00,0.12,0.06,1732.0,-0.5,ok,0.08333333333333348,-0.41666666666666663,-0.9166666666666666
SPY250825P00630000,SPY,2025-08-21 09:35:00-04:00,2025-08-22 12:07:00-04:00,1.61,0.1,1592.0,-0.937888198757764,ok,0.4347826086956521,-0.9192546583850931,-0.9937888198757764
SPY250825P00629000,SPY,2025-08-21 09:39:00-04:00,2025-08-21 13:37:00-04:00,1.3,1.51,238.0,0.1615384615384614,ok,0.5538461538461539,0.26923076923076916,-0.9769230769230769
SPY250903P00620000,SPY,2025-08-22 09:31:00-04:00,2025-08-27 10:44:00-04:00,1.73,0.21,7273.0,-0.8786127167630058,ok,-0.028901734104046284,-0.8670520231213873,-0.9595375722543352
QQQ250828P00560000,QQQ,2025-08-27 10:50:00-04:00,2025-08-27 11:57:00-04:00,0.44,0.37,67.0,-0.15909090909090906,ok,0.06818181818181812,0.6363636363636362,-0.9772727272727273
QQQ250828P00569000,QQQ,2025-08-28 09:30:00-04:00,2025-08-28 13:30:00-04:00,0.25,0.03,240.0,-0.88,ok,1.4,-0.84,-0.96
QQQ250829P00572000,QQQ,2025-08-28 09:30:00-04:00,2025-08-29 09:40:00-04:00,1.49,0.89,1450.0,-0.40268456375838924,ok,0.5503355704697988,1.348993288590604,0.2818791946308725
QQQ250902P00574000,QQQ,2025-08-29 09:30:00-04:00,2025-08-29 11:02:00-04:00,2.22,5.2,92.0,1.3423423423423424,ok,1.59009009009009,1.5810810810810811,1.0180180180180178
QQQ250902P00561000,QQQ,2025-08-29 11:41:00-04:00,2025-08-29 15:45:00-04:00,0.58,0.32,244.0,-0.4482758620689654,ok,0.3275862068965518,-0.2586206896551724,-0.3793103448275862
QQQ250902P00560000,QQQ,2025-09-02 10:39:00-04:00,2025-09-02 10:56:00-04:00,0.39,0.56,17.0,0.4358974358974359,ok,0.8974358974358974,3.102564102564103,-0.9743589743589743
SPY250902C00641000,SPY,2025-09-02 11:01:00-04:00,2025-09-02 11:14:00-04:00,0.23,0.14,13.0,-0.3913043478260869,ok,-0.0434782608695653,3.2608695652173907,1.7391304347826084
QQQ250909P00565000,QQQ,2025-09-04 13:14:00-04:00,2025-09-05 10:51:00-04:00,1.71,1.38,1297.0,-0.19298245614035092,ok,-0.01754385964912286,0.0935672514619883,-0.9532163742690059
QQQ250909P00560000,QQQ,2025-09-04 13:48:00-04:00,2025-09-05 10:52:00-04:00,0.89,0.69,1264.0,-0.2247191011235956,ok,0.449438202247191,0.0674157303370786,-0.9550561797752809
QQQ250908P00565000,QQQ,2025-09-04 13:55:00-04:00,2025-09-05 10:44:00-04:00,1.07,0.69,1249.0,-0.3551401869158879,ok,0.03738317757009346,0.14953271028037385,-0.9906542056074766
NVDA250905P00165000,NVDA,2025-09-04 14:08:00-04:00,2025-09-05 10:25:00-04:00,0.21,1.3,1217.0,5.190476190476191,ok,6.0,6.666666666666668,-0.9523809523809523
EBAY250919P00085000,EBAY,2025-09-08 10:17:00-04:00,2025-09-11 11:33:00-04:00,0.2,0.07,4396.0,-0.6499999999999999,ok,0.3500000000000001,0.30000000000000004,-0.29999999999999993
EBAY250912P00089000,EBAY,2025-09-09 10:00:00-04:00,2025-09-11 11:18:00-04:00,0.44,0.01,2958.0,-0.9772727272727273,ok,-0.2727272727272727,-0.6363636363636364,-0.7727272727272727
HOOD250919P00110000,HOOD,2025-09-10 09:30:00-04:00,2025-09-11 11:53:00-04:00,1.2,0.83,1583.0,-0.30833333333333335,ok,0.6749999999999998,0.7333333333333334,0.3250000000000002
GLD250924P00325000,GLD,2025-09-10 09:30:00-04:00,2025-09-17 09:31:00-04:00,0.86,0.23,10081.0,-0.7325581395348837,ok,-0.03488372093023262,-0.6744186046511628,-0.9418604651162791
ARM250919P00135000,ARM,2025-09-10 09:31:00-04:00,2025-09-11 11:18:00-04:00,1.13,0.19,1547.0,-0.831858407079646,ok,-0.07964601769911495,-0.6460176991150441,-0.8053097345132743
NVDA250912P00177500,NVDA,2025-09-12 09:30:00-04:00,2025-09-12 14:46:00-04:00,0.58,0.1,316.0,-0.8275862068965517,ok,1.3620689655172415,-0.6724137931034482,-0.9827586206896551
NVDA250912P00175000,NVDA,2025-09-12 09:35:00-04:00,2025-09-12 14:45:00-04:00,0.22,0.01,310.0,-0.9545454545454546,ok,0.4545454545454546,-0.7727272727272727,-0.9545454545454546
HOOD250919P00108000,HOOD,2025-09-15 10:08:00-04:00,2025-09-15 11:11:00-04:00,0.89,1.25,63.0,0.4044943820224718,ok,0.5842696629213482,0.4719101123595506,-0.9325842696629214
NVDA250919P00165000,NVDA,2025-09-15 10:08:00-04:00,2025-09-16 10:11:00-04:00,0.38,0.29,1443.0,-0.23684210526315796,ok,0.1578947368421053,2.5,-0.9473684210526316
GOOG250919P00245000,GOOG,2025-09-16 09:31:00-04:00,2025-09-17 14:50:00-04:00,1.23,1.46,1759.0,0.1869918699186992,ok,0.7642276422764227,0.3577235772357723,-0.983739837398374
HOOD250919P00110000,HOOD,2025-09-17 09:33:00-04:00,2025-09-17 14:50:00-04:00,0.64,0.71,317.0,0.109375,ok,0.5625,0.234375,-0.984375
BABA250919P00160000,BABA,2025-09-18 10:07:00-04:00,2025-09-18 14:02:00-04:00,0.67,0.78,235.0,0.16417910447761197,ok,0.7910447761194028,0.4179104477611939,-0.9850746268656716
GOOG250919P00250000,GOOG,2025-09-18 14:59:00-04:00,2025-09-19 13:37:00-04:00,0.96,0.02,1358.0,-0.9791666666666666,ok,0.09375,-0.96875,-0.9895833333333334
HOOD250919P00120000,HOOD,2025-09-18 15:01:00-04:00,2025-09-19 14:06:00-04:00,0.94,0.12,1385.0,-0.8723404255319149,ok,0.38297872340425543,-0.6063829787234043,-0.9680851063829787
TSLA250919P00415000,TSLA,2025-09-19 11:06:00-04:00,2025-09-19 14:04:00-04:00,0.41,0.07,178.0,-0.8292682926829268,ok,0.29268292682926833,-0.8048780487804879,-0.975609756097561
GOOG250926P00250000,GOOG,2025-09-22 09:30:00-04:00,2025-09-24 14:40:00-04:00,1.77,3.27,3190.0,0.847457627118644,ok,1.231638418079096,3.610169491525424,0.9491525423728815
TSLA250926P00390000,TSLA,2025-09-22 09:34:00-04:00,2025-09-23 09:47:00-04:00,0.89,0.46,1453.0,-0.4831460674157303,ok,0.202247191011236,0.202247191011236,-0.9325842696629214
GDX250926P00073000,GDX,2025-09-24 09:30:00-04:00,2025-09-24 12:53:00-04:00,0.6,1.2,203.0,1.0,ok,1.0166666666666666,1.0833333333333335,-0.9833333333333333
QQQ250924C00597000,QQQ,2025-09-24 14:53:00-04:00,2025-09-24 14:59:00-04:00,0.14,0.18,6.0,0.2857142857142856,ok,0.4999999999999998,0.4285714285714286,-0.9285714285714286
AAPL250926P00255000,AAPL,2025-09-25 15:44:00-04:00,2025-09-26 15:24:00-04:00,0.92,0.12,1420.0,-0.8695652173913043,ok,0.793478260869565,-0.6521739130434783,-0.967391304347826
RDDT250926P00225000,RDDT,2025-09-25 15:45:00-04:00,2025-09-26 11:48:00-04:00,0.89,0.06,1203.0,-0.9325842696629214,ok,0.0674157303370786,-0.8651685393258427,-0.9887640449438202
NVDA250926P00175000,NVDA,2025-09-25 15:46:00-04:00,2025-09-26 10:33:00-04:00,0.63,0.58,1127.0,-0.07936507936507942,ok,0.3650793650793651,0.015873015873015817,-0.9841269841269842
SPY251003P00632000,SPY,2025-09-26 15:36:00-04:00,2025-09-29 15:59:00-04:00,0.2,0.13,4343.0,-0.35,ok,-0.050000000000000044,-0.10000000000000009,-0.8
SPY250930P00659000,SPY,2025-09-29 14:38:00-04:00,2025-09-29 15:58:00-04:00,0.47,0.42,80.0,-0.10638297872340419,ok,0.7234042553191491,-0.08510638297872342,-0.9574468085106382
AVGO251010P00300000,AVGO,2025-09-30 09:30:00-04:00,2025-09-30 14:17:00-04:00,1.28,1.41,287.0,0.1015625,ok,0.3046875,0.2421875,-0.53125
NVDA251010P00170000,NVDA,2025-09-30 09:31:00-04:00,2025-09-30 11:13:00-04:00,0.82,0.52,102.0,-0.36585365853658536,ok,0.13414634146341475,-0.060975609756097504,-0.5975609756097561
GDX251003P00073500,GDX,2025-09-30 09:35:00-04:00,2025-10-01 09:33:00-04:00,0.44,0.18,1438.0,-0.5909090909090909,ok,-0.09090909090909083,0.0,-0.9545454545454546
NVDA251003P00180000,NVDA,2025-10-01 09:32:00-04:00,2025-10-01 13:26:00-04:00,0.71,0.35,234.0,-0.5070422535211268,ok,0.2816901408450705,-0.3380281690140845,-0.9859154929577465
HOOD251003P00135000,HOOD,2025-10-01 09:34:00-04:00,2025-10-01 14:58:00-04:00,1.01,1.15,324.0,0.13861386138613851,ok,0.5841584158415842,0.4356435643564356,-0.9900990099009901
QQQ251002P00600000,QQQ,2025-10-02 09:30:00-04:00,2025-10-02 09:43:00-04:00,0.15,0.29,13.0,0.9333333333333333,ok,1.1333333333333333,1.7333333333333334,-0.9333333333333333
QQQ251006P00600000,QQQ,2025-10-02 09:30:00-04:00,2025-10-02 15:27:00-04:00,1.05,0.97,357.0,-0.07619047619047625,ok,1.0095238095238095,0.838095238095238,-0.10476190476190483
QQQ251002P00600000,QQQ,2025-10-02 09:30:00-04:00,2025-10-02 09:43:00-04:00,0.15,0.29,13.0,0.9333333333333333,ok,1.1333333333333333,1.7333333333333334,-0.9333333333333333
AMD251003P00167500,AMD,2025-10-03 09:34:00-04:00,2025-10-03 10:11:00-04:00,0.46,0.39,37.0,-0.15217391304347827,ok,0.5652173913043477,8.282608695652172,5.1521739130434785
BABA251010P00182500,BABA,2025-10-06 15:49:00-04:00,2025-10-07 10:51:00-04:00,1.56,2.22,1142.0,0.42307692307692313,ok,0.6025641025641024,7.083333333333332,5.551282051282051
META251017P00660000,META,2025-10-06 15:54:00-04:00,2025-10-07 09:36:00-04:00,2.51,2.18,1062.0,-0.13147410358565725,ok,-0.11553784860557759,0.2948207171314743,-0.8207171314741035
BABA251010P00175000,BABA,2025-10-06 15:59:00-04:00,2025-10-07 10:51:00-04:00,0.44,0.47,1132.0,0.06818181818181812,ok,0.25,12.522727272727273,5.0227272727272725
QQQ251013P00600000,QQQ,2025-10-08 13:38:00-04:00,2025-10-10 11:06:00-04:00,0.9,1.6,2728.0,0.7777777777777779,ok,1.4,11.777777777777777,2.0888888888888886
QQQ251009P00599000,QQQ,2025-10-08 13:44:00-04:00,2025-10-08 15:15:00-04:00,0.19,0.14,91.0,-0.26315789473684204,ok,0.10526315789473673,-0.10526315789473684,-0.9473684210526316
AMD251010P00207500,AMD,2025-10-08 14:40:00-04:00,2025-10-09 14:20:00-04:00,0.47,0.08,1420.0,-0.8297872340425532,ok,0.08510638297872353,2.0425531914893615,-0.9787234042553191
ARM251010P00157500,ARM,2025-10-09 09:31:00-04:00,2025-10-09 14:22:00-04:00,1.6,0.19,291.0,-0.88125,ok,0.07499999999999996,1.5812499999999998,0.5625
AMD251010P00212500,AMD,2025-10-09 09:33:00-04:00,2025-10-10 11:06:00-04:00,0.34,0.11,1533.0,-0.6764705882352942,ok,0.02941176470588225,7.352941176470587,-0.8823529411764706
AMD251010P00220000,AMD,2025-10-09 11:26:00-04:00,2025-10-10 11:03:00-04:00,0.57,1.06,1417.0,0.8596491228070178,ok,1.5438596491228074,12.157894736842106,8.122807017543861
QQQ251010C00607000,QQQ,2025-10-10 11:37:00-04:00,2025-10-10 11:40:00-04:00,0.23,0.2,3.0,-0.13043478260869568,ok,0.08695652173913038,1.043478260869565,-0.9565217391304348
AMD251017P00220000,AMD,2025-10-16 14:47:00-04:00,2025-10-16 15:49:00-04:00,0.25,0.2,62.0,-0.19999999999999996,ok,0.43999999999999995,0.8799999999999999,-0.96
META251017P00695000,META,2025-10-17 09:30:00-04:00,2025-10-17 13:54:00-04:00,1.3,0.05,264.0,-0.9615384615384616,ok,0.26923076923076916,-0.9538461538461539,-0.9923076923076923
META251017P00700000,META,2025-10-17 12:42:00-04:00,2025-10-17 13:54:00-04:00,0.22,0.1,72.0,-0.5454545454545454,ok,0.36363636363636354,-0.5454545454545454,-0.9090909090909091
META251024P00710000,META,2025-10-22 09:31:00-04:00,2025-10-22 12:35:00-04:00,1.48,2.15,184.0,0.45270270270270263,ok,1.0945945945945947,1.7500000000000004,-0.9932432432432432
QQQ251027P00618000,QQQ,2025-10-27 09:45:00-04:00,2025-10-27 14:43:00-04:00,0.21,0.02,298.0,-0.9047619047619048,ok,0.09523809523809534,-0.8571428571428572,-0.9523809523809523
QQQ251027P00623000,QQQ,2025-10-27 12:59:00-04:00,2025-10-27 14:41:00-04:00,0.12,0.04,102.0,-0.6666666666666666,ok,0.16666666666666674,-0.5833333333333333,-0.9166666666666666
QQQ251028P00626000,QQQ,2025-10-28 09:31:00-04:00,2025-10-28 15:31:00-04:00,0.41,0.01,360.0,-0.975609756097561,ok,0.24390243902439024,-0.9512195121951219,-0.975609756097561
QQQ251028P00629000,QQQ,2025-10-28 13:51:00-04:00,2025-10-28 15:31:00-04:00,0.09,0.02,100.0,-0.7777777777777778,ok,0.0,-0.5555555555555556,-0.8888888888888888
QQQ251029P00631000,QQQ,2025-10-29 09:38:00-04:00,2025-10-29 14:08:00-04:00,1.22,1.47,270.0,0.20491803278688514,ok,0.6639344262295082,1.8770491803278686,-0.9262295081967213
QQQ251103P00632000,QQQ,2025-11-03 09:31:00-05:00,2025-11-03 09:42:00-05:00,0.76,1.38,11.0,0.8157894736842104,ok,0.7236842105263159,3.026315789473684,-0.8289473684210527
GLD251103C00372000,GLD,2025-11-03 10:29:00-05:00,2025-11-03 10:43:00-05:00,0.1,0.15,14.0,0.4999999999999998,ok,0.5999999999999999,1.0,-0.9
QQQ251104C00628000,QQQ,2025-11-04 09:30:00-05:00,2025-11-04 09:51:00-05:00,0.62,0.89,21.0,0.435483870967742,ok,0.27419354838709675,1.1129032258064515,-0.9838709677419355
QQQ251104C00632000,QQQ,2025-11-04 09:36:00-05:00,2025-11-04 09:51:00-05:00,0.08,0.14,15.0,0.7500000000000002,ok,0.7500000000000002,2.125,-0.875
QQQ251105P00617000,QQQ,2025-11-05 12:41:00-05:00,2025-11-05 14:52:00-05:00,0.07,0.02,131.0,-0.7142857142857143,ok,1.8571428571428572,-0.5714285714285715,-0.8571428571428572
QQQ251106P00611000,QQQ,2025-11-06 09:30:00-05:00,2025-11-06 09:55:00-05:00,0.25,0.37,25.0,0.48,ok,0.6799999999999999,8.64,-0.92
QQQ251110P00610000,QQQ,2025-11-06 09:30:00-05:00,2025-11-06 10:41:00-05:00,1.27,3.36,71.0,1.6456692913385824,ok,1.7322834645669292,8.503937007874017,1.6692913385826773
PLTR251114P00185000,PLTR,2025-11-11 09:30:00-05:00,2025-11-12 09:58:00-05:00,2.03,3.3,1468.0,0.625615763546798,ok,0.8226600985221677,9.049261083743843,4.517241379310345
QQQ251114P00615000,QQQ,2025-11-13 09:30:00-05:00,2025-11-13 09:40:00-05:00,2.48,3.79,10.0,0.528225806451613,ok,0.5846774193548387,6.181451612903225,1.443548387096774
PLTR251114P00170000,PLTR,2025-11-13 09:31:00-05:00,2025-11-13 09:36:00-05:00,0.38,0.54,5.0,0.42105263157894735,ok,0.5789473684210527,14.789473684210526,-0.9736842105263158
QQQ251121C00614000,QQQ,2025-11-20 12:03:00-05:00,2025-11-20 12:16:00-05:00,0.69,0.5,13.0,-0.2753623188405796,ok,0.07246376811594213,-0.10144927536231874,-0.9855072463768116
QQQ251125P00598000,QQQ,2025-11-24 15:52:00-05:00,2025-11-25 09:49:00-05:00,0.75,2.47,1077.0,2.2933333333333334,ok,2.6,3.2266666666666666,-0.9866666666666667
AVGO251128P00375000,AVGO,2025-11-26 09:34:00-05:00,2025-11-26 15:08:00-05:00,1.63,0.12,334.0,-0.9263803680981595,ok,0.44171779141104306,-0.9141104294478527,-0.9938650306748467
TSLA251205P00410000,TSLA,2025-12-01 09:30:00-05:00,2025-12-03 10:34:00-05:00,3.6,0.49,2944.0,-0.8638888888888889,ok,0.05555555555555558,-0.8083333333333333,-0.9972222222222222
QQQ251204P00613000,QQQ,2025-12-03 09:30:00-05:00,2025-12-03 14:32:00-05:00,1.48,0.27,302.0,-0.8175675675675675,ok,0.1351351351351351,-0.7837837837837838,-0.9932432432432432
TSLA251205P00440000,TSLA,2025-12-04 09:30:00-05:00,2025-12-04 15:47:00-05:00,2.47,0.92,377.0,-0.6275303643724697,ok,0.35627530364372473,-0.631578947368421,-0.9959514170040485
TSLA251205P00430000,TSLA,2025-12-04 09:30:00-05:00,2025-12-04 14:48:00-05:00,0.94,0.25,318.0,-0.7340425531914894,ok,0.27659574468085113,-0.6489361702127658,-0.9893617021276596
TSLA251205P00450000,TSLA,2025-12-05 10:32:00-05:00,2025-12-05 14:42:00-05:00,0.77,0.05,250.0,-0.935064935064935,ok,1.2077922077922079,-0.8701298701298701,-0.987012987012987
TSLA251205P00450000,TSLA,2025-12-05 13:46:00-05:00,2025-12-05 14:42:00-05:00,0.18,0.05,56.0,-0.7222222222222222,ok,0.05555555555555558,-0.4444444444444444,-0.9444444444444444
TSLA251205P00450000,TSLA,2025-12-05 13:50:00-05:00,2025-12-05 14:42:00-05:00,0.14,0.05,52.0,-0.6428571428571428,ok,0.357142857142857,-0.2857142857142857,-0.9285714285714286
QQQ251208P00626000,QQQ,2025-12-08 09:30:00-05:00,2025-12-08 10:00:00-05:00,0.96,1.35,30.0,0.4062500000000002,ok,0.6875000000000002,3.479166666666667,1.09375
QQQ251208P00622000,QQQ,2025-12-08 13:40:00-05:00,2025-12-08 15:15:00-05:00,0.43,0.17,95.0,-0.6046511627906976,ok,1.4418604651162794,-0.16279069767441867,-0.9767441860465116
GOOG251212P00305000,GOOG,2025-12-10 09:30:00-05:00,2025-12-10 15:46:00-05:00,0.61,0.24,376.0,-0.6065573770491803,ok,0.24590163934426235,1.2950819672131146,-0.9836065573770492
QQQ251211P00607000,QQQ,2025-12-10 09:32:00-05:00,2025-12-10 15:24:00-05:00,0.49,0.12,352.0,-0.7551020408163265,ok,0.22448979591836737,-0.6326530612244898,-0.9795918367346939
AAPL251212P00277500,AAPL,2025-12-12 09:33:00-05:00,2025-12-12 13:34:00-05:00,0.65,0.1,241.0,-0.8461538461538461,ok,0.33846153846153837,-0.10769230769230775,-0.9846153846153847
META251226P00600000,META,2025-12-12 09:34:00-05:00,2025-12-15 15:50:00-05:00,1.05,0.78,4696.0,-0.2571428571428571,ok,1.0476190476190474,0.19999999999999996,-0.7333333333333334
QQQ251215P00615000,QQQ,2025-12-15 09:31:00-05:00,2025-12-15 09:53:00-05:00,0.82,2.06,22.0,1.5121951219512195,ok,1.5365853658536586,6.121951219512195,4.097560975609756
QQQ251217P00603000,QQQ,2025-12-16 09:31:00-05:00,2025-12-16 13:41:00-05:00,1.26,0.63,250.0,-0.5,ok,0.45238095238095233,1.1428571428571428,-0.6031746031746033
TSLA251219P00467500,TSLA,2025-12-17 09:30:00-05:00,2025-12-17 10:54:00-05:00,2.43,3.85,84.0,0.5843621399176955,ok,0.7078189300411524,2.7037037037037033,-0.9958847736625515
SLV251217P00059500,SLV,2025-12-17 12:04:00-05:00,2025-12-17 14:29:00-05:00,0.11,0.01,145.0,-0.9090909090909091,ok,0.0,-0.7272727272727273,-0.9090909090909091
TSLA251219P00465000,TSLA,2025-12-18 09:30:00-05:00,2025-12-18 11:13:00-05:00,2.22,0.72,103.0,-0.6756756756756757,ok,0.5765765765765765,-0.49549549549549554,-0.9954954954954955
QQQ251222P00607000,QQQ,2025-12-19 09:36:00-05:00,2025-12-19 13:15:00-05:00,1.46,0.38,219.0,-0.7397260273972603,ok,0.06164383561643838,-0.684931506849315,-0.9931506849315068
SLV251224P00060000,SLV,2025-12-22 09:30:00-05:00,2025-12-23 13:08:00-05:00,0.25,0.03,1658.0,-0.88,ok,0.28,-0.84,-0.96
QQQ251222P00620000,QQQ,2025-12-22 09:30:00-05:00,2025-12-22 15:23:00-05:00,1.18,0.82,353.0,-0.30508474576271183,ok,1.1186440677966103,-0.11016949152542366,-0.5847457627118644
SLV251222P00062000,SLV,2025-12-22 09:31:00-05:00,2025-12-22 14:14:00-05:00,0.18,0.19,283.0,0.05555555555555558,ok,0.7777777777777779,0.2777777777777779,-0.9444444444444444
SLV251224P00062500,SLV,2025-12-23 09:30:00-05:00,2025-12-23 13:08:00-05:00,0.38,0.18,218.0,-0.5263157894736843,ok,1.1842105263157894,-0.44736842105263164,-0.9736842105263158
QQQ251224P00613000,QQQ,2025-12-23 09:33:00-05:00,2025-12-23 13:08:00-05:00,0.41,0.1,215.0,-0.7560975609756098,ok,0.2682926829268293,-0.7804878048780488,-0.975609756097561
SLV251224P00064000,SLV,2025-12-24 10:05:00-05:00,2025-12-24 11:24:00-05:00,0.24,0.06,79.0,-0.75,ok,1.0833333333333335,-0.7083333333333333,-0.9583333333333334
SLV251231P00066000,SLV,2025-12-26 09:33:00-05:00,2025-12-29 09:30:00-05:00,1.15,2.1,4317.0,0.8260869565217392,ok,0.1826086956521742,1.608695652173913,0.34782608695652195
SLV251226P00066000,SLV,2025-12-26 09:54:00-05:00,2025-12-26 13:27:00-05:00,0.12,0.01,213.0,-0.9166666666666666,ok,-0.16666666666666663,-0.9166666666666666,-0.9166666666666666
SLV251229P00068000,SLV,2025-12-26 15:24:00-05:00,2025-12-26 15:55:00-05:00,0.67,0.6,31.0,-0.10447761194029859,ok,0.014925373134328401,4.925373134328358,2.0895522388059695
NVDA260109P00180000,NVDA,2025-12-29 09:37:00-05:00,2025-12-31 13:53:00-05:00,1.87,1.06,3136.0,-0.4331550802139037,ok,0.213903743315508,-0.1925133689839572,-0.4866310160427808
SLV260102P00067500,SLV,2025-12-30 09:32:00-05:00,2025-12-30 13:04:00-05:00,1.49,0.79,212.0,-0.4697986577181208,ok,0.09395973154362403,1.7181208053691273,0.48993288590604034
SLV251231P00064000,SLV,2025-12-30 11:39:00-05:00,2025-12-30 12:26:00-05:00,0.1,0.06,47.0,-0.4,ok,0.19999999999999996,4.5,-0.9
QQQ251231P00617000,QQQ,2025-12-31 13:06:00-05:00,2025-12-31 13:53:00-05:00,0.63,0.17,47.0,-0.7301587301587301,ok,0.015873015873015817,3.7777777777777777,3.238095238095238
NVDA260109P00180000,NVDA,2026-01-02 09:46:00-05:00,2026-01-05 09:34:00-05:00,0.59,0.41,4308.0,-0.30508474576271183,ok,1.2203389830508478,1.3389830508474576,-0.7457627118644068
QQQ260102P00610000,QQQ,2026-01-02 13:16:00-05:00,2026-01-02 15:05:00-05:00,0.49,0.03,109.0,-0.9387755102040817,ok,0.8163265306122449,-0.9183673469387755,-0.9795918367346939
SLV260220P00060000,SLV,2026-01-05 09:39:00-05:00,2026-01-06 09:51:00-05:00,1.98,1.5,1452.0,-0.24242424242424243,ok,0.04040404040404044,0.5151515151515151,-0.28787878787878796
NVDA260116P00180000,NVDA,2026-01-06 11:08:00-05:00,2026-01-07 11:57:00-05:00,2.03,1.12,1489.0,-0.4482758620689654,ok,0.07389162561576379,0.1280788177339902,-0.2561576354679802
META260123P00605000,META,2026-01-06 11:54:00-05:00,2026-01-08 09:42:00-05:00,1.86,3.2,2748.0,0.7204301075268817,ok,0.736559139784946,0.8548387096774193,-0.34946236559139787
QQQ260108P00627000,QQQ,2026-01-07 12:13:00-05:00,2026-01-07 15:15:00-05:00,1.63,3.07,182.0,0.8834355828220859,ok,0.8404907975460123,4.58282208588957,2.9447852760736195
NVDA260123P00180000,NVDA,2026-01-07 15:38:00-05:00,2026-01-08 10:00:00-05:00,2.18,3.1,1102.0,0.4220183486238531,ok,0.44495412844036686,0.5825688073394495,0.19266055045871555
AMD260116P00190000,AMD,2026-01-12 09:31:00-05:00,2026-01-12 09:50:00-05:00,1.09,0.46,19.0,-0.5779816513761469,ok,-0.03669724770642202,-0.5596330275229358,-0.981651376146789
SLV260112P00076500,SLV,2026-01-12 09:32:00-05:00,2026-01-12 11:34:00-05:00,0.72,0.08,122.0,-0.8888888888888888,ok,0.11111111111111116,-0.7916666666666666,-0.9861111111111112
AMD260116P00195000,AMD,2026-01-12 15:59:00-05:00,2026-01-13 11:47:00-05:00,0.71,0.11,1188.0,-0.8450704225352113,ok,-0.5774647887323944,-0.6619718309859155,-0.9859154929577465
AMD260116P00202500,AMD,2026-01-13 09:30:00-05:00,2026-01-14 10:03:00-05:00,0.6,0.48,1473.0,-0.19999999999999996,ok,0.016666666666666607,-0.11666666666666659,-0.9833333333333333
QQQ260113P00618000,QQQ,2026-01-13 09:49:00-05:00,2026-01-13 11:47:00-05:00,0.08,0.02,118.0,-0.75,ok,2.0,-0.375,-0.875
NVDA260116P00176000,NVDA,2026-01-14 09:30:00-05:00,2026-01-14 10:02:00-05:00,0.44,0.81,32.0,0.840909090909091,ok,1.022727272727273,1.0,-0.9772727272727273
PLTR260116P00172500,PLTR,2026-01-15 09:38:00-05:00,2026-01-15 14:38:00-05:00,0.51,0.37,300.0,-0.27450980392156865,ok,0.4509803921568627,3.9411764705882355,1.7647058823529411
MU260123P00327500,MU,2026-01-20 09:36:00-05:00,2026-01-20 12:06:00-05:00,0.78,0.98,150.0,0.2564102564102564,ok,0.5384615384615383,0.641025641025641,-0.9871794871794872
SLV260220P00085000,SLV,2026-01-20 15:59:00-05:00,2026-01-22 10:52:00-05:00,7.17,5.89,2573.0,-0.1785216178521618,ok,0.1785216178521618,-0.16317991631799167,-0.47001394700139476
SLV260213P00080000,SLV,2026-01-20 15:59:00-05:00,2026-01-22 10:52:00-05:00,3.97,2.96,2573.0,-0.2544080604534006,ok,0.22166246851385374,-0.24181360201511348,-0.584382871536524
QQQ260122C00624000,QQQ,2026-01-21 15:46:00-05:00,2026-01-21 15:50:00-05:00,0.3,0.23,4.0,-0.23333333333333328,ok,0.03333333333333344,1.3333333333333335,-0.9666666666666667
QQQ260123P00623000,QQQ,2026-01-23 10:51:00-05:00,2026-01-23 11:48:00-05:00,0.61,0.44,57.0,-0.2786885245901639,ok,0.4426229508196722,2.081967213114754,0.4426229508196722
SLV260126P00099000,SLV,2026-01-26 10:51:00-05:00,2026-01-26 12:56:00-05:00,0.42,0.14,125.0,-0.6666666666666666,ok,0.0,6.595238095238096,6.595238095238096
AMD260130P00245000,AMD,2026-01-26 13:51:00-05:00,2026-01-26 15:42:00-05:00,3.15,4.0,111.0,0.26984126984126977,ok,0.2857142857142856,0.9047619047619049,-0.5746031746031746
BA260206P00235000,BA,2026-01-27 09:33:00-05:00,2026-01-27 10:45:00-05:00,1.8,3.0,72.0,0.6666666666666665,ok,0.9722222222222221,2.3388888888888886,1.6666666666666665
BA260206P00235000,BA,2026-01-27 09:37:00-05:00,2026-01-28 09:38:00-05:00,1.7,3.72,1441.0,1.1882352941176473,ok,1.2352941176470589,2.9411764705882355,1.4117647058823528
QQQ260202P00611000,QQQ,2026-01-27 10:18:00-05:00,2026-01-27 15:34:00-05:00,1.12,0.98,316.0,-0.1250000000000001,ok,0.01785714285714257,1.8482142857142856,-0.07142857142857151
RDDT260130P00185000,RDDT,2026-01-28 09:37:00-05:00,2026-01-28 14:17:00-05:00,2.45,1.35,280.0,-0.44897959183673475,ok,0.13877551020408152,1.1224489795918369,0.8285714285714285
AMD260130P00250000,AMD,2026-01-29 09:51:00-05:00,2026-01-29 10:16:00-05:00,2.38,4.5,25.0,0.8907563025210086,ok,1.0798319327731094,5.3235294117647065,4.483193277310925
AMD260130C00262500,AMD,2026-01-29 09:52:00-05:00,2026-01-29 10:09:00-05:00,1.3,0.64,17.0,-0.5076923076923077,ok,-0.06153846153846154,-0.5307692307692308,-0.9923076923076923
NFLX260206C00087000,NFLX,2026-02-02 12:11:00-05:00,2026-02-02 13:35:00-05:00,0.25,0.17,84.0,-0.31999999999999995,ok,0.0,-0.24,-0.88
AMD260206P00235000,AMD,2026-02-02 12:49:00-05:00,2026-02-03 14:02:00-05:00,4.69,9.0,1513.0,0.9189765458422172,ok,0.9189765458422172,8.422174840085287,4.697228144989339
AMD260206P00235000,AMD,2026-02-02 15:00:00-05:00,2026-02-03 14:12:00-05:00,5.51,8.4,1392.0,0.5245009074410165,ok,0.6424682395644286,7.019963702359346,3.849364791288566
QQQ260203P00614000,QQQ,2026-02-02 15:48:00-05:00,2026-02-03 09:43:00-05:00,0.22,0.26,1075.0,0.18181818181818188,ok,0.09090909090909083,14.681818181818183,-0.8636363636363636
WMT260206P00124000,WMT,2026-02-03 09:37:00-05:00,2026-02-03 12:09:00-05:00,0.85,0.37,152.0,-0.5647058823529412,ok,0.18823529411764706,-0.388235294117647,-0.9882352941176471
QQQ260220P00595000,QQQ,2026-02-04 10:20:00-05:00,2026-02-04 12:47:00-05:00,6.1,10.26,147.0,0.6819672131147541,ok,0.7524590163934426,1.2131147540983607,-0.14262295081967202
QQQ260205C00610000,QQQ,2026-02-05 11:39:00-05:00,2026-02-05 12:04:00-05:00,0.26,0.21,25.0,-0.1923076923076924,ok,0.5,0.23076923076923084,-0.9615384615384616
TSLA260211P00410000,TSLA,2026-02-09 10:51:00-05:00,2026-02-10 13:05:00-05:00,3.6,0.49,1574.0,-0.8638888888888889,ok,-0.02777777777777779,-0.7805555555555556,-0.9972222222222222
QQQ260211P00613000,QQQ,2026-02-10 13:06:00-05:00,2026-02-10 13:49:00-05:00,1.92,2.85,43.0,0.484375,ok,0.59375,1.96875,-0.8385416666666666
AMD260220P00210000,AMD,2026-02-10 13:08:00-05:00,2026-02-10 15:18:00-05:00,5.0,5.75,130.0,0.1499999999999999,ok,0.16999999999999993,0.9300000000000002,0.484
QQQ260212P00615000,QQQ,2026-02-11 09:50:00-05:00,2026-02-11 14:23:00-05:00,2.82,2.8,273.0,-0.007092198581560294,ok,1.8368794326241136,4.308510638297873,3.7730496453900715
QQQ260213P00605000,QQQ,2026-02-13 13:15:00-05:00,2026-02-13 15:10:00-05:00,1.27,1.86,115.0,0.46456692913385833,ok,0.8346456692913387,2.8582677165354333,1.6456692913385824
QQQ260217P00602000,QQQ,2026-02-13 13:15:00-05:00,2026-02-13 15:15:00-05:00,2.72,3.92,120.0,0.44117647058823506,ok,0.4963235294117647,0.9485294117647056,0.5036764705882351
QQQ260219P00586000,QQQ,2026-02-17 12:27:00-05:00,2026-02-17 15:59:00-05:00,1.5,0.99,212.0,-0.33999999999999997,ok,0.2933333333333332,-0.4866666666666667,-0.9933333333333333
AAPL260218P00265000,AAPL,2026-02-18 11:40:00-05:00,2026-02-18 14:06:00-05:00,0.35,0.53,146.0,0.5142857142857145,ok,1.0,4.114285714285715,0.8285714285714287
QQQ260219P00602000,QQQ,2026-02-19 12:45:00-05:00,2026-02-19 14:32:00-05:00,1.11,0.75,107.0,-0.32432432432432434,ok,0.8018018018018016,0.4864864864864862,-0.990990990990991
QQQ260219P00602000,QQQ,2026-02-19 12:45:00-05:00,2026-02-19 14:32:00-05:00,1.11,0.75,107.0,-0.32432432432432434,ok,0.8018018018018016,0.4864864864864862,-0.990990990990991
QQQ260219P00600000,QQQ,2026-02-19 14:49:00-05:00,2026-02-19 15:02:00-05:00,0.5,0.17,13.0,-0.6599999999999999,ok,-0.040000000000000036,-0.45999999999999996,-0.98
QQQ260220P00605000,QQQ,2026-02-20 09:45:00-05:00,2026-02-20 10:43:00-05:00,2.34,0.92,58.0,-0.6068376068376068,ok,0.49572649572649574,0.03418803418803429,-0.9957264957264957
QQQ260220P00609000,QQQ,2026-02-20 11:07:00-05:00,2026-02-20 11:18:00-05:00,1.25,2.42,11.0,0.9359999999999999,ok,0.984,3.12,-0.792
QQQ260225P00585000,QQQ,2026-02-23 15:13:00-05:00,2026-02-23 15:22:00-05:00,1.27,1.24,9.0,-0.023622047244094557,ok,,-0.03937007874015752,-0.9921259842519685
QQQ260225P00602000,QQQ,2026-02-24 14:05:00-05:00,2026-02-24 14:32:00-05:00,1.22,1.29,27.0,0.05737704918032782,ok,0.180327868852459,0.139344262295082,-0.9836065573770492
AMD260227P00195000,AMD,2026-02-26 11:54:00-05:00,2026-02-26 13:37:00-05:00,0.74,0.41,103.0,-0.44594594594594594,ok,0.09459459459459474,0.33783783783783794,-0.9864864864864865
QQQ260226P00602000,QQQ,2026-02-26 12:17:00-05:00,2026-02-26 13:08:00-05:00,0.36,0.39,51.0,0.08333333333333348,ok,0.3055555555555556,0.3055555555555556,-0.9722222222222222
META260302P00635000,META,2026-02-27 12:56:00-05:00,2026-02-27 13:28:00-05:00,2.98,4.0,32.0,0.34228187919463093,ok,0.412751677852349,0.761744966442953,-0.9932885906040269
QQQ260304P00598000,QQQ,2026-03-03 11:47:00-05:00,2026-03-03 15:22:00-05:00,2.82,2.22,215.0,-0.21276595744680837,ok,0.4184397163120568,-0.1028368794326241,-0.9964539007092199
QQQ260313P00605000,QQQ,2026-03-04 13:16:00-05:00,2026-03-05 12:39:00-05:00,5.97,8.85,1403.0,0.48241206030150763,ok,0.5912897822445562,1.2194304857621443,1.0435510887772192
QQQ260310P00595000,QQQ,2026-03-04 15:08:00-05:00,2026-03-05 12:25:00-05:00,2.24,3.01,1277.0,0.3437499999999998,ok,0.5223214285714284,1.683035714285714,1.2366071428571423
QQQ260305P00599000,QQQ,2026-03-05 11:11:00-05:00,2026-03-05 12:20:00-05:00,0.21,0.13,69.0,-0.38095238095238093,ok,0.23809523809523814,2.333333333333333,-0.9523809523809523
QQQ260313P00595000,QQQ,2026-03-06 09:32:00-05:00,2026-03-09 15:39:00-04:00,8.12,3.12,4627.0,-0.6157635467980296,ok,0.3423645320197046,-0.5258620689655171,-0.731527093596059
QQQ260309P00600000,QQQ,2026-03-06 12:30:00-05:00,2026-03-06 12:38:00-05:00,3.54,4.13,8.0,0.16666666666666652,ok,0.18644067796610164,1.542372881355932,-0.36723163841807904
QQQ260306P00602000,QQQ,2026-03-06 14:09:00-05:00,2026-03-06 14:31:00-05:00,0.68,0.49,22.0,-0.27941176470588247,ok,0.3088235294117647,4.1764705882352935,3.867647058823529
QQQ260311P00589000,QQQ,2026-03-09 11:29:00-04:00,2026-03-09 12:18:00-04:00,2.32,2.15,49.0,-0.07327586206896552,ok,0.14224137931034497,0.1681034482758621,-0.9956896551724138
QQQ260311P00607000,QQQ,2026-03-10 10:58:00-04:00,2026-03-10 14:21:00-04:00,1.95,3.21,203.0,0.6461538461538461,ok,0.835897435897436,1.0461538461538464,-0.9435897435897436
QQQ260311C00610000,QQQ,2026-03-11 10:34:00-04:00,2026-03-11 11:00:00-04:00,1.09,1.8,26.0,0.6513761467889907,ok,0.6146788990825687,0.6972477064220184,-0.9908256880733946
QQQ260312P00597000,QQQ,2026-03-11 11:15:00-04:00,2026-03-11 14:55:00-04:00,1.02,0.78,220.0,-0.23529411764705876,ok,0.4019607843137254,0.803921568627451,-0.6666666666666666
TSLA260313P00392500,TSLA,2026-03-12 13:18:00-04:00,2026-03-12 13:50:00-04:00,1.78,2.24,32.0,0.258426966292135,ok,0.3595505617977528,0.7696629213483146,-0.247191011235955
TSLA260313P00395000,TSLA,2026-03-13 13:31:00-04:00,2026-03-13 14:05:00-04:00,1.65,2.81,34.0,0.7030303030303031,ok,0.9090909090909092,2.0606060606060606,1.1090909090909093
TSLA260313P00392500,TSLA,2026-03-13 13:42:00-04:00,2026-03-13 14:28:00-04:00,0.94,1.07,46.0,0.13829787234042556,ok,0.6489361702127661,1.6914893617021276,0.4255319148936172
QQQ260318P00603000,QQQ,2026-03-17 12:42:00-04:00,2026-03-17 15:46:00-04:00,2.84,2.54,184.0,-0.10563380281690138,ok,0.010563380281690238,2.1408450704225355,2.0457746478873244
QQQ260319P00593000,QQQ,2026-03-17 12:45:00-04:00,2026-03-17 15:46:00-04:00,1.26,1.16,181.0,-0.07936507936507942,ok,0.04761904761904767,4.277777777777778,-0.9365079365079365
QQQ260320P00592000,QQQ,2026-03-18 15:22:00-04:00,2026-03-18 15:51:00-04:00,2.88,3.23,29.0,0.1215277777777779,ok,0.1840277777777779,3.5625,2.267361111111111
QQQ260319P00590000,QQQ,2026-03-19 15:16:00-04:00,2026-03-19 15:24:00-04:00,0.09,0.11,8.0,0.22222222222222232,ok,0.33333333333333326,0.7777777777777779,-0.8888888888888888
QQQ260320C00582000,QQQ,2026-03-20 14:37:00-04:00,2026-03-20 14:57:00-04:00,1.13,0.78,20.0,-0.3097345132743362,ok,0.017699115044247815,-0.03539823008849541,-0.2566371681415929
QQQ260402P00580000,QQQ,2026-03-24 09:39:00-04:00,2026-03-25 15:19:00-04:00,8.66,6.2,1780.0,-0.2840646651270208,ok,0.10623556581986149,1.3140877598152425,1.2344110854503465
QQQ260324P00580000,QQQ,2026-03-24 09:42:00-04:00,2026-03-24 09:53:00-04:00,1.41,1.06,11.0,-0.24822695035460984,ok,0.028368794326241176,-0.09929078014184389,-0.9929078014184397
QQQ260326P00573000,QQQ,2026-03-26 14:29:00-04:00,2026-03-26 15:26:00-04:00,0.32,0.15,57.0,-0.53125,ok,-0.09375000000000011,-0.15625,-0.90625
QQQ260327P00571000,QQQ,2026-03-26 15:11:00-04:00,2026-03-26 15:56:00-04:00,1.88,2.14,45.0,0.13829787234042556,ok,0.22340425531914887,3.909574468085107,3.909574468085107
AMD260402P00200000,AMD,2026-03-27 09:54:00-04:00,2026-03-27 10:29:00-04:00,6.1,6.3,35.0,0.032786885245901676,ok,0.11475409836065587,0.11475409836065587,-0.4180327868852459
QQQ260327P00560000,QQQ,2026-03-27 14:06:00-04:00,2026-03-27 15:36:00-04:00,0.26,0.08,90.0,-0.6923076923076923,ok,0.46153846153846145,-0.15384615384615385,-0.7692307692307693
QQQ260402P00560000,QQQ,2026-03-31 12:47:00-04:00,2026-03-31 15:48:00-04:00,1.46,0.55,181.0,-0.6232876712328766,ok,0.020547945205479534,-0.5068493150684932,-0.9931506849315068
QQQ260331C00580000,QQQ,2026-03-31 12:51:00-04:00,2026-03-31 13:06:00-04:00,0.27,0.28,15.0,0.03703703703703698,ok,0.9259259259259258,0.7777777777777777,-0.9259259259259259
AMD260410P00210000,AMD,2026-04-07 09:30:00-04:00,2026-04-07 15:19:00-04:00,2.24,2.1,349.0,-0.0625,ok,0.3839285714285714,0.02678571428571419,-0.9955357142857143
AMD260410P00200000,AMD,2026-04-07 09:32:00-04:00,2026-04-07 15:19:00-04:00,0.76,0.74,347.0,-0.02631578947368418,ok,0.4078947368421053,0.06578947368421062,-0.9868421052631579
QQQ260408P00603000,QQQ,2026-04-08 09:45:00-04:00,2026-04-08 10:07:00-04:00,1.0,0.96,22.0,-0.040000000000000036,ok,0.27,1.1099999999999999,-0.98
QQQ260408P00603000,QQQ,2026-04-08 10:43:00-04:00,2026-04-08 10:56:00-04:00,0.91,2.09,13.0,1.2967032967032965,ok,0.8791208791208791,0.8681318681318679,-0.978021978021978
QQQ260409P00604000,QQQ,2026-04-09 09:40:00-04:00,2026-04-09 11:16:00-04:00,1.19,0.5,96.0,-0.5798319327731092,ok,0.6218487394957983,-0.4201680672268908,-0.9915966386554622
GLD260413P00434000,GLD,2026-04-13 12:44:00-04:00,2026-04-13 15:21:00-04:00,0.5,0.17,157.0,-0.6599999999999999,ok,0.6000000000000001,-0.6799999999999999,-0.9
QQQ260415P00622000,QQQ,2026-04-14 12:27:00-04:00,2026-04-14 15:06:00-04:00,0.88,0.81,159.0,-0.07954545454545447,ok,0.25,-0.045454545454545525,-0.9886363636363636
AVGO260417P00385000,AVGO,2026-04-16 09:33:00-04:00,2026-04-16 12:23:00-04:00,2.1,0.53,170.0,-0.7476190476190476,ok,-0.04761904761904767,-0.5714285714285714,-0.9428571428571428
QQQ260416P00632000,QQQ,2026-04-16 09:52:00-04:00,2026-04-16 12:22:00-04:00,0.58,0.07,150.0,-0.8793103448275862,ok,0.6896551724137931,-0.603448275862069,-0.9827586206896551
QQQ260417P00644000,QQQ,2026-04-17 09:30:00-04:00,2026-04-17 12:45:00-04:00,1.38,0.1,195.0,-0.927536231884058,ok,0.5072463768115945,-0.6014492753623188,-0.9927536231884058
LITE260417P00840000,LITE,2026-04-17 09:31:00-04:00,2026-04-17 12:45:00-04:00,1.6,0.55,194.0,-0.65625,ok,0.375,-0.71875,-0.96875
QQQ260420P00646000,QQQ,2026-04-20 09:31:00-04:00,2026-04-20 14:50:00-04:00,1.24,0.3,319.0,-0.7580645161290323,ok,2.129032258064516,-0.685483870967742,-0.9838709677419355
QQQ260421P00641000,QQQ,2026-04-21 09:34:00-04:00,2026-04-21 12:57:00-04:00,0.42,0.21,203.0,-0.5,ok,0.5,0.45238095238095233,-0.9047619047619048
AMD260424P00257500,AMD,2026-04-21 15:59:00-04:00,2026-04-22 09:35:00-04:00,0.78,0.36,1056.0,-0.5384615384615385,ok,-0.47435897435897445,-0.3846153846153847,-0.9871794871794872
QQQ260422C00654000,QQQ,2026-04-22 09:36:00-04:00,2026-04-22 10:17:00-04:00,0.3,0.57,41.0,0.8999999999999999,ok,1.0,6.833333333333334,5.133333333333334
AMD260424P00275000,AMD,2026-04-22 11:35:00-04:00,2026-04-23 13:35:00-04:00,0.98,0.2,1560.0,-0.7959183673469388,ok,0.16326530612244894,-0.6122448979591837,-0.9897959183673469
AFRM260501P00060000,AFRM,2026-04-23 09:36:00-04:00,2026-04-23 13:36:00-04:00,0.85,1.6,240.0,0.8823529411764708,ok,0.9411764705882353,1.3411764705882354,0.03529411764705892
QQQ260424P00657000,QQQ,2026-04-24 09:34:00-04:00,2026-04-24 09:36:00-04:00,1.36,1.59,2.0,0.1691176470588236,ok,0.24999999999999978,0.5661764705882351,-0.9926470588235294
SPY260424P00704000,SPY,2026-04-24 09:56:00-04:00,2026-04-24 10:12:00-04:00,0.37,0.2,16.0,-0.45945945945945943,ok,0.0,-0.29729729729729726,-0.972972972972973
SPY260429P00702000,SPY,2026-04-29 14:13:00-04:00,2026-04-29 15:07:00-04:00,0.34,0.09,54.0,-0.7352941176470589,ok,0.0588235294117645,-0.5588235294117647,-0.9705882352941176
TSLA260501C00392500,TSLA,2026-04-30 09:35:00-04:00,2026-04-30 11:31:00-04:00,0.45,0.76,116.0,0.6888888888888889,ok,0.7333333333333334,11.044444444444444,-0.9555555555555556
