rule,n,avg_pct,median_pct,win_pct,avg_log,t_log,early_avg_pct,late_avg_pct,early_log,late_log
time_5min,576,-3.4869146747029887,-2.8725406771357043,36.80555555555556,-0.056616469827388105,-6.375921389489392,-4.154993092095885,-2.8188362573100916,-0.0643556161720242,-0.04887732348275201
time_15min,576,-2.3200505949538135,-4.483528754885546,36.28472222222222,-0.07189973590629392,-5.570342078050925,-3.8325362426313485,-0.8075649472762781,-0.07783469697059868,-0.06596477484198918
tp20_sl20,576,-6.319848061800605,-20.238095238095237,42.36111111111111,-0.10085663378247962,-8.727953641866877,-6.2133482553412716,-6.4263478682599375,-0.10037842424136582,-0.10133484332359344
time_30min,576,-2.8472097539406676,-7.384685298795729,37.15277777777778,-0.11996721291258902,-6.6405443697149105,-4.336595362150848,-1.357824145730487,-0.13048980915202096,-0.10944461667315711
tp30_sl20,576,-8.339185961952893,-20.88200109658232,31.07638888888889,-0.13034199690785375,-10.484197499277249,-8.207785095308703,-8.47058682859708,-0.13062555338878903,-0.13005844042691844
tp20_sl30,576,-7.539615625193139,19.999999999999996,50.86805555555556,-0.14019882253519947,-8.670148607160334,-6.991753102892788,-8.087478147493494,-0.13843036052213975,-0.1419672845482592
tp50_sl20,576,-9.105231557624455,-21.42857142857142,21.70138888888889,-0.15059143075332432,-11.09351727085708,-8.339183144047366,-9.871279971201545,-0.14573897836482042,-0.15544388314182822
tp30_sl30,576,-9.14384270132199,-30.555555555555557,40.625,-0.17215035172391685,-9.878398422940261,-8.984647930132784,-9.303037472511196,-0.17405562939593378,-0.17024507405189995
tp100_sl20,576,-8.590442789808945,-21.652046783625728,13.715277777777779,-0.17255879102749472,-10.759174616365705,-9.27138377723862,-7.909501802379268,-0.17769383973200714,-0.16742374232298232
tp20_sl50,576,-6.988258879228702,19.999999999999996,63.888888888888886,-0.1877115587563623,-8.24596898184084,-8.719751278093502,-5.256766480363903,-0.2123769945485726,-0.16304612296415202
half@30_BE_trail30_sl30,576,-10.65070101649158,-30.555555555555557,40.625,-0.18867913523629848,-11.005935346191123,-10.64675897890556,-10.654643054077601,-0.19163639614898026,-0.1857218743236167
half@30_BE_rest@200_sl30,576,-10.36275409698336,-30.555555555555557,40.625,-0.19112676639779214,-10.957137319041728,-9.84510180462652,-10.880406389340202,-0.1909373611850954,-0.19131617161048886
tp50_sl30,576,-10.376019654514936,-31.034482758620683,29.6875,-0.20974943917337155,-10.850216708903934,-9.530875703963753,-11.221163605066115,-0.20112353127468183,-0.2183753470720613
half@50_BE_trail30_sl30,576,-11.725344901696287,-31.034482758620683,29.6875,-0.22361744041532475,-11.801742113679047,-10.6524358452337,-12.798253958158876,-0.21444719459696826,-0.23278768623368126
half@50_BE_rest@200_sl30,576,-11.404795668282592,-31.034482758620683,29.6875,-0.2258777256238989,-11.756050889954183,-10.417925323138334,-12.39166601342685,-0.2167833278124622,-0.23497212343533563
time_60min,576,-6.655342031371303,-12.220791760540722,33.85416666666667,-0.24321153449115926,-9.135766758160027,-6.846263354339982,-6.464420708402624,-0.2378010293193034,-0.2486220396630151
tp100_sl30,576,-9.819879278985438,-31.57894736842104,19.270833333333336,-0.24623396478462034,-11.278682500633506,-9.780137708051667,-9.85962084991921,-0.24077100424729814,-0.25169692532194254
half@100_BE_trail30_sl30,576,-10.267445606694833,-31.57894736842104,19.270833333333336,-0.2527262005330658,-11.673761745217234,-10.181021614069325,-10.353869599320346,-0.24738213546745622,-0.2580702655986754
tp30_sl50,576,-10.039764236704855,30.000000000000004,52.604166666666664,-0.2556128843603329,-10.21648770199531,-11.88100149315077,-8.19852698025894,-0.27667606232466,-0.23454970639600572
half@100_BE_rest@200_sl30,576,-10.692087325830087,-31.57894736842104,19.270833333333336,-0.2565473153470753,-11.907774758688793,-10.66718732722625,-10.716987324433928,-0.2510782208137783,-0.2620164098803724
half@30_BE_trail30_sl50,576,-11.240149020640791,14.999999999999991,52.604166666666664,-0.2725468295983213,-10.958483448937109,-12.491710053735655,-9.988587987545928,-0.2898657462776686,-0.25522791291897406
half@30_BE_rest@200_sl50,576,-10.517841336754213,14.999999999999991,52.604166666666664,-0.27332200747254276,-10.830801896795778,-11.317844256533391,-9.717838416975038,-0.2872453398648125,-0.25939867508027303
tp50_sl50,576,-11.602168188625752,-50.0,40.97222222222222,-0.32325526525077247,-11.626685999190773,-12.605010840088827,-10.599325537162674,-0.3291805781076267,-0.31732995239391826
half@50_BE_trail30_sl50,576,-12.68822199803007,-50.0,40.97222222222222,-0.3382577884696157,-12.282386737347709,-12.648956098299077,-12.727487897761067,-0.33944037485990086,-0.3370752020793305
half@50_BE_rest@200_sl50,576,-12.046359906781397,-50.0,40.97222222222222,-0.33987253635193587,-12.209181590275655,-12.27678268148563,-11.815937132077165,-0.34089070043576003,-0.3388543722681117
tp100_sl50,576,-12.078841285170824,-50.385767270275096,27.430555555555557,-0.40475802791701976,-13.24619491602946,-13.101382710547243,-11.056299859794404,-0.4060199331955216,-0.40349612263851803
half@100_BE_trail30_sl50,576,-11.696537625428572,-50.385767270275096,27.430555555555557,-0.4095863159142055,-13.389326644879567,-11.621385339920337,-11.771689910936805,-0.4068032104118745,-0.41236942141653654
half@100_BE_rest@200_sl50,576,-12.40986781418124,-50.385767270275096,27.430555555555557,-0.41477696996443936,-13.636266147637327,-13.120376774166267,-11.699358854196213,-0.4142458664721737,-0.41530807345670495
actual,576,-11.174692842766525,-35.14705882352941,31.59722222222222,-0.5912967202825398,-13.014084372117438,-9.285660159638796,-13.063725525894254,-0.6386421569697864,-0.5439512835952931
tp20_slnone,576,-8.538186701712428,19.999999999999996,73.09027777777779,-0.6840443112054864,-10.201034668026235,-9.40044850800738,-7.675924895417478,-0.6717741742945614,-0.6963144481164112
tp30_slnone,576,-12.180222078171981,30.000000000000004,63.888888888888886,-0.9375870938187126,-12.466795164431094,-13.702860885250203,-10.657583271093758,-0.9323062935546622,-0.9428678940827628
tp50_slnone,576,-13.922685838074672,50.0,53.298611111111114,-1.214091097324078,-14.727520856664883,-16.482051101476834,-11.363320574672514,-1.2161516134054304,-1.2120305812427254
tp100_slnone,576,-14.005964382410275,-73.03468801313629,39.40972222222222,-1.6010422827712203,-17.887136535727155,-15.012426031550163,-12.999502733270385,-1.5354682361830285,-1.6666163293594118
hold_to_expiry_or_3d,576,-7.409338848485998,-93.4920634920635,19.444444444444446,-2.1992708147111464,-25.158441057267076,15.594875970896382,-30.41355366786838,-2.028306077611164,-2.3702355518111284
