symbol,t,o,h,l,c,v,rth,sma10,sma20,sma50,sma200,rsi,rsima,tod
QQQ,2026-02-18 04:00,604.15,604.68,604.0,604.44,16750,False,600.628,600.341,600.763,599.436,78.055,47.66,04:00
QQQ,2026-02-18 04:05,604.51,604.58,604.32,604.54,14990,False,601.056,600.541,600.829,599.454,78.374,50.9,04:05
QQQ,2026-02-18 04:10,604.64,604.89,604.55,604.66,7846,False,601.527,600.773,600.896,599.473,78.774,53.587,04:10
QQQ,2026-02-18 04:15,604.76,604.88,604.47,604.59,8049,False,601.956,601.007,600.965,599.491,77.87,55.83,04:15
QQQ,2026-02-18 04:20,604.54,604.73,604.4,604.73,8839,False,602.388,601.243,601.035,599.51,78.404,57.802,04:20
QQQ,2026-02-18 04:25,604.78,604.9,604.62,604.77,10356,False,602.808,601.499,601.098,599.531,78.563,60.106,04:25
QQQ,2026-02-18 04:30,604.79,605.1,604.78,605.1,20909,False,603.292,601.757,601.17,599.553,79.879,62.808,04:30
QQQ,2026-02-18 04:35,605.09,605.31,605.02,605.23,14735,False,603.806,602.037,601.245,599.576,80.39,65.131,04:35
QQQ,2026-02-18 04:40,605.24,605.3,605.15,605.18,6528,False,604.333,602.296,601.331,599.607,79.554,67.27,04:40
QQQ,2026-02-18 04:45,605.19,605.2,604.86,604.87,18029,False,604.811,602.525,601.409,599.639,74.384,68.864,04:45
QQQ,2026-02-18 04:50,604.92,605.03,604.76,604.82,5437,False,604.849,602.739,601.486,599.673,73.554,70.743,04:50
QQQ,2026-02-18 04:55,604.78,604.85,604.51,604.58,6466,False,604.853,602.955,601.558,599.704,69.542,72.512,04:55
QQQ,2026-02-18 05:00,604.56,605.12,604.56,605.09,11465,False,604.896,603.212,601.643,599.737,72.922,74.701,05:00
QQQ,2026-02-18 05:05,605.18,605.19,604.86,604.99,4535,False,604.936,603.446,601.722,599.768,71.252,76.537,05:05
QQQ,2026-02-18 05:10,604.95,605.24,604.95,605.12,6644,False,604.975,603.682,601.802,599.8,72.145,76.115,05:10
QQQ,2026-02-18 05:15,605.1,605.13,604.96,605.0,4346,False,604.998,603.903,601.879,599.829,69.985,75.516,05:15
QQQ,2026-02-18 05:20,605.0,605.09,604.96,605.0,4905,False,604.988,604.14,601.953,599.86,69.985,74.888,05:20
QQQ,2026-02-18 05:25,605.02,605.2,604.92,605.13,6960,False,604.978,604.392,602.035,599.891,71.073,74.402,05:25
QQQ,2026-02-18 05:30,605.17,605.17,604.99,605.06,4416,False,604.966,604.649,602.114,599.921,69.609,73.774,05:30
QQQ,2026-02-18 05:35,605.02,605.27,604.97,605.03,3310,False,604.982,604.897,602.193,599.951,68.954,73.088,05:35
QQQ,2026-02-18 05:40,605.12,605.13,604.73,604.91,10900,False,604.991,604.92,602.27,599.979,66.266,72.115,05:40
QQQ,2026-02-18 05:45,605.0,605.04,604.89,605.02,6530,False,605.035,604.944,602.346,600.01,67.516,71.196,05:45
QQQ,2026-02-18 05:50,605.01,605.01,604.52,604.9,8238,False,605.016,604.956,602.419,600.042,64.699,70.135,05:50
QQQ,2026-02-18 05:55,604.87,604.87,604.65,604.86,4302,False,605.003,604.969,602.494,600.075,63.744,69.375,05:55
QQQ,2026-02-18 06:00,604.89,604.95,604.56,604.66,14574,False,604.957,604.966,602.566,600.106,59.053,68.339,06:00
QQQ,2026-02-18 06:05,604.69,604.73,604.45,604.54,9482,False,604.911,604.954,602.637,600.137,56.372,67.398,06:05
QQQ,2026-02-18 06:10,604.52,604.52,604.24,604.34,5784,False,604.845,604.916,602.708,600.168,52.124,65.913,06:10
QQQ,2026-02-18 06:15,604.47,604.48,604.33,604.45,3043,False,604.777,604.877,602.79,600.202,54.17,64.692,06:15
QQQ,2026-02-18 06:20,604.49,604.89,604.49,604.85,8644,False,604.756,604.861,602.882,600.241,60.738,63.878,06:20
QQQ,2026-02-18 06:25,604.75,604.75,604.42,604.46,7455,False,604.699,604.84,602.958,600.276,52.793,62.65,06:25
QQQ,2026-02-18 06:30,604.45,604.69,604.08,604.15,13669,False,604.623,604.807,603.029,600.312,47.477,61.042,06:30
QQQ,2026-02-18 06:35,604.07,604.3,604.05,604.23,13450,False,604.544,604.79,603.103,600.347,48.907,59.459,06:35
QQQ,2026-02-18 06:40,604.18,604.23,604.04,604.14,6087,False,604.468,604.742,603.185,600.381,47.345,57.868,06:40
QQQ,2026-02-18 06:45,604.27,604.38,604.21,604.38,6850,False,604.42,604.712,603.275,600.419,51.768,56.641,06:45
QQQ,2026-02-18 06:50,604.31,604.44,604.09,604.17,8154,False,604.371,604.664,603.358,600.455,47.971,55.334,06:50
QQQ,2026-02-18 06:55,604.19,604.21,604.09,604.21,4369,False,604.338,604.624,603.449,600.492,48.742,53.993,06:55
QQQ,2026-02-18 07:00,604.22,605.17,604.18,605.04,51508,False,604.408,604.626,603.551,600.534,61.495,53.764,07:00
QQQ,2026-02-18 07:05,605.03,605.62,604.93,605.18,50392,False,604.481,604.629,603.662,600.573,63.16,53.723,07:05
QQQ,2026-02-18 07:10,605.2,605.7,605.17,605.7,25697,False,604.566,604.661,603.776,600.615,68.592,54.404,07:10
QQQ,2026-02-18 07:15,605.67,605.8,605.35,605.46,27181,False,604.666,604.682,603.879,600.655,63.909,54.942,07:15
QQQ,2026-02-18 07:20,605.37,605.54,605.05,605.05,14838,False,604.756,604.69,603.969,600.693,56.776,55.275,07:20
QQQ,2026-02-18 07:25,605.05,605.06,604.3,604.4,20194,False,604.773,604.658,604.052,600.728,47.689,54.812,07:25
QQQ,2026-02-18 07:30,604.28,604.28,602.93,603.03,45819,False,604.662,604.565,604.114,600.755,34.98,52.972,07:30
QQQ,2026-02-18 07:35,603.1,603.65,603.1,603.65,19018,False,604.589,604.504,604.181,600.786,42.454,52.233,07:35
QQQ,2026-02-18 07:40,603.68,604.01,603.6,603.91,40763,False,604.563,604.467,604.251,600.817,45.294,52.077,07:40
QQQ,2026-02-18 07:45,603.91,604.08,603.47,603.74,11159,False,604.516,604.427,604.314,600.843,43.773,51.711,07:45
QQQ,2026-02-18 07:50,603.79,604.05,603.79,603.87,11055,False,604.399,604.404,604.386,600.871,45.286,51.564,07:50
QQQ,2026-02-18 07:55,603.74,604.27,603.66,604.0,11312,False,604.281,604.381,604.465,600.901,46.827,51.211,07:55
QQQ,2026-02-18 08:00,605.0,605.75,601.75,603.64,197343,False,604.075,604.32,604.539,600.931,43.199,50.87,08:00
QQQ,2026-02-18 08:05,603.61,604.07,603.56,603.86,9598,False,603.915,604.29,604.615,600.963,45.955,50.671,08:05
QQQ,2026-02-18 08:10,603.925,604.27,603.925,604.11,13510,False,603.821,604.288,604.608,600.997,48.984,49.777,08:10
QQQ,2026-02-18 08:15,604.04,604.04,603.67,603.76,15647,False,603.757,604.265,604.592,601.031,45.167,48.492,08:15
QQQ,2026-02-18 08:20,603.68,604.0,603.49,603.8,17465,False,603.834,604.248,604.575,601.064,45.688,46.856,08:20
QQQ,2026-02-18 08:25,603.96,604.3,603.89,604.15,27128,False,603.884,604.237,604.566,601.101,50.15,45.873,08:25
QQQ,2026-02-18 08:30,604.22,604.79,603.82,604.01,38770,False,603.894,604.228,604.552,601.136,48.436,45.277,08:30
QQQ,2026-02-18 08:35,603.96,604.15,603.63,603.63,23633,False,603.883,604.2,604.529,601.171,44.036,45.016,08:35
QQQ,2026-02-18 08:40,603.61,603.62,602.71,603.075,51970,False,603.804,604.101,604.489,601.206,38.531,45.27,08:40
QQQ,2026-02-18 08:45,603.1,603.15,602.47,602.5,32285,False,603.654,603.967,604.434,601.239,33.814,44.653,08:45
QQQ,2026-02-18 08:50,602.63,602.8,602.43,602.45,26668,False,603.534,603.805,604.38,601.272,33.431,43.805,08:50
QQQ,2026-02-18 08:55,602.45,602.71,602.32,602.56,22068,False,603.404,603.66,604.333,601.305,35.172,43.191,08:55
QQQ,2026-02-18 09:00,602.6,602.759,602.13,602.739,28128,False,603.267,603.544,604.292,601.332,38.017,42.672,09:00
QQQ,2026-02-18 09:05,602.74,602.89,602.61,602.77,18591,False,603.168,603.463,604.255,601.361,38.514,42.078,09:05
QQQ,2026-02-18 09:10,602.77,602.86,602.48,602.679,13538,False,603.056,603.445,604.207,601.391,37.554,41.675,09:10
QQQ,2026-02-18 09:15,602.69,603.03,602.45,602.71,27422,False,602.912,603.398,604.162,601.421,38.118,41.115,09:15
QQQ,2026-02-18 09:20,602.8,602.87,602.65,602.75,36190,False,602.786,603.34,604.114,601.45,38.889,40.394,09:20
QQQ,2026-02-18 09:25,602.68,602.75,602.06,602.11,95809,False,602.634,603.259,604.056,601.478,32.013,39.454,09:25
QQQ,2026-02-18 09:30,602.11,602.71,600.72,601.14,2966669,True,602.441,603.122,603.979,601.491,24.843,37.966,09:30
QQQ,2026-02-18 09:35,601.15,602.82,600.82,601.98,1760251,True,602.389,603.021,603.916,601.515,37.829,37.085,09:35
QQQ,2026-02-18 09:40,601.99,603.545,601.58,603.11,1809335,True,602.455,602.995,603.877,601.54,50.275,37.217,09:40
QQQ,2026-02-18 09:45,603.1,603.8,601.73,601.93,1382402,True,602.392,602.898,603.815,601.558,41.036,37.003,09:45
QQQ,2026-02-18 09:50,601.94,604.15,601.875,603.96,1143914,True,602.514,602.891,603.796,601.587,56.012,38.251,09:50
QQQ,2026-02-18 09:55,603.968,605.69,603.908,605.26,1488544,True,602.763,602.966,603.801,601.621,62.569,40.305,09:55
QQQ,2026-02-18 10:00,605.25,607.12,605.18,607.053,1679610,True,603.2,603.128,603.844,601.666,69.355,42.871,10:00
QQQ,2026-02-18 10:05,607.1,607.87,606.76,607.19,1432138,True,603.648,603.28,603.891,601.711,69.804,45.345,10:05
QQQ,2026-02-18 10:10,607.17,607.785,606.615,607.7,1166898,True,604.143,603.465,603.952,601.745,71.484,47.735,10:10
QQQ,2026-02-18 10:15,607.71,608.47,607.54,607.97,1321304,True,604.729,603.682,604.02,601.776,72.361,50.153,10:15
QQQ,2026-02-18 10:20,607.96,608.37,607.71,607.85,758739,True,605.4,603.921,604.09,601.819,71.311,52.564,10:20
QQQ,2026-02-18 10:25,607.86,608.37,607.57,608.07,774777,True,606.009,604.199,604.163,601.867,72.11,54.992,10:25
QQQ,2026-02-18 10:30,608.06,608.11,607.2,607.24,781474,True,606.422,604.439,604.211,601.927,64.783,56.842,10:30
QQQ,2026-02-18 10:35,607.23,608.14,607.2,608.08,750789,True,607.037,604.715,604.283,601.996,68.294,59.433,10:35
QQQ,2026-02-18 10:40,608.06,608.64,607.87,608.27,715411,True,607.468,604.991,604.365,602.058,69.046,62.591,10:40
QQQ,2026-02-18 10:45,608.27,608.77,607.99,608.45,704596,True,607.787,605.275,604.45,602.127,69.777,64.873,10:45
QQQ,2026-02-18 10:50,608.47,608.72,607.945,608.715,599899,True,607.953,605.577,604.541,602.198,70.868,66.344,10:50
QQQ,2026-02-18 10:55,608.705,609.07,608.61,608.775,768879,True,608.112,605.88,604.629,602.253,71.122,68.493,10:55
QQQ,2026-02-18 11:00,608.78,609.13,608.67,609.09,559546,True,608.251,606.197,604.728,602.32,72.48,69.669,11:00
QQQ,2026-02-18 11:05,609.095,609.48,608.67,608.78,684008,True,608.332,606.531,604.819,602.388,69.04,70.131,11:05
QQQ,2026-02-18 11:10,608.78,609.115,608.77,609.07,557385,True,608.454,606.927,604.9,602.465,70.453,70.209,11:10
QQQ,2026-02-18 11:15,609.07,609.33,608.71,608.79,469659,True,608.526,607.268,604.972,602.541,67.262,70.028,11:15
QQQ,2026-02-18 11:20,608.78,609.04,608.56,609.04,506874,True,608.706,607.564,605.039,602.612,68.628,69.824,11:20
QQQ,2026-02-18 11:25,609.03,609.17,608.765,608.94,425994,True,608.792,607.915,605.108,602.676,67.416,69.471,11:25
QQQ,2026-02-18 11:30,608.94,609.5,608.77,609.19,1095915,True,608.884,608.176,605.191,602.74,68.895,69.298,11:30
QQQ,2026-02-18 11:35,609.19,609.43,609.06,609.33,410470,True,608.972,608.38,605.29,602.802,69.724,69.128,11:35
QQQ,2026-02-18 11:40,609.33,609.43,609.07,609.21,598253,True,609.022,608.487,605.413,602.857,68.05,69.361,11:40
QQQ,2026-02-18 11:45,609.2,609.35,608.79,608.815,535356,True,609.026,608.569,605.516,602.9,62.714,68.962,11:45
QQQ,2026-02-18 11:50,608.82,608.99,608.29,608.46,473814,True,608.962,608.607,605.607,602.937,58.29,68.194,11:50
QQQ,2026-02-18 11:55,608.455,608.66,608.09,608.18,589594,True,608.902,608.617,605.696,602.971,54.994,67.138,11:55
QQQ,2026-02-18 12:00,608.18,609.0,608.1,608.98,446801,True,608.894,608.674,605.798,603.009,61.664,66.481,12:00
QQQ,2026-02-18 12:05,608.99,609.771,608.96,609.26,718033,True,608.941,608.733,605.904,603.055,63.691,65.95,12:05
QQQ,2026-02-18 12:10,609.26,609.34,608.46,608.71,462812,True,608.908,608.807,606.005,603.098,57.281,64.864,12:10
QQQ,2026-02-18 12:15,608.71,609.42,608.62,609.34,431076,True,608.948,608.87,606.115,603.141,61.999,64.361,12:15
QQQ,2026-02-18 12:20,609.31,609.44,609.19,609.25,436714,True,608.954,608.919,606.217,603.186,60.963,63.683,12:20
QQQ,2026-02-18 12:25,609.25,609.25,608.78,608.86,284139,True,608.907,608.939,606.319,603.23,56.554,62.919,12:25
QQQ,2026-02-18 12:30,608.859,609.16,608.515,608.6,398131,True,608.846,608.934,606.415,603.269,53.763,61.857,12:30
QQQ,2026-02-18 12:35,608.6,608.88,608.53,608.795,312885,True,608.844,608.935,606.508,603.309,55.535,61.008,12:35
QQQ,2026-02-18 12:40,608.79,608.79,608.37,608.6,280077,True,608.858,608.91,606.6,603.35,53.333,59.897,12:40
QQQ,2026-02-18 12:45,608.61,608.96,608.51,608.8,331645,True,608.92,608.911,606.704,603.393,55.291,58.866,12:45
QQQ,2026-02-18 12:50,608.79,609.35,608.79,609.305,444587,True,608.952,608.923,606.828,603.442,59.87,58.282,12:50
QQQ,2026-02-18 12:55,609.29,609.44,608.91,609.06,308907,True,608.932,608.936,606.959,603.489,56.829,57.861,12:55
QQQ,2026-02-18 13:00,609.04,609.76,609.01,609.35,295042,True,608.996,608.952,607.097,603.539,59.454,57.944,13:00
QQQ,2026-02-18 13:05,609.34,609.38,608.84,608.92,271731,True,608.954,608.951,607.225,603.58,54.192,57.887,13:05
QQQ,2026-02-18 13:10,608.92,609.07,608.615,608.725,279871,True,608.902,608.928,607.344,603.625,51.947,57.193,13:10
QQQ,2026-02-18 13:15,608.725,608.92,608.62,608.65,592416,True,608.88,608.894,607.462,603.669,51.071,56.292,13:15
QQQ,2026-02-18 13:20,608.66,608.75,608.36,608.42,335931,True,608.862,608.854,607.577,603.72,48.375,55.656,13:20
QQQ,2026-02-18 13:25,608.42,608.57,607.93,608.22,981491,True,608.805,608.824,607.687,603.768,46.097,54.52,13:25
QQQ,2026-02-18 13:30,608.23,608.44,607.82,608.12,462125,True,608.757,608.807,607.794,603.821,44.957,53.376,13:30
QQQ,2026-02-18 13:35,608.12,608.52,608.04,608.175,415993,True,608.694,608.807,607.916,603.866,45.752,52.605,13:35
QQQ,2026-02-18 13:40,608.17,608.22,606.93,607.42,868560,True,608.506,608.729,608.041,603.908,37.704,51.458,13:40
QQQ,2026-02-18 13:45,607.41,607.86,607.27,607.41,515314,True,608.341,608.636,608.15,603.952,37.61,50.177,13:45
QQQ,2026-02-18 13:50,607.4,607.49,606.26,607.23,880701,True,608.129,608.562,608.232,603.994,35.87,48.93,13:50
QQQ,2026-02-18 13:55,607.23,607.53,607.08,607.32,414140,True,607.969,608.462,608.34,604.037,37.429,47.654,13:55
QQQ,2026-02-18 14:00,607.3,607.57,606.86,607.42,539168,True,607.839,608.37,608.409,604.07,39.197,46.178,14:00
QQQ,2026-02-18 14:05,607.453,607.515,607.0,607.01,483480,True,607.675,608.278,608.444,604.099,34.849,44.608,14:05
QQQ,2026-02-18 14:10,607.03,607.42,606.84,606.91,441027,True,607.524,608.193,608.441,604.126,33.861,42.779,14:10
QQQ,2026-02-18 14:15,606.92,607.05,606.57,606.714,504913,True,607.373,608.089,608.432,604.149,31.949,41.191,14:15
QQQ,2026-02-18 14:20,606.71,607.27,606.64,606.976,552672,True,607.259,608.008,608.417,604.171,37.073,40.128,14:20
QQQ,2026-02-18 14:25,606.99,607.18,606.37,606.515,579741,True,607.093,607.894,608.388,604.191,32.452,38.798,14:25
QQQ,2026-02-18 14:30,606.51,606.7,605.63,605.848,975742,True,606.935,607.721,608.348,604.205,27.181,37.284,14:30
QQQ,2026-02-18 14:35,605.86,605.9,604.56,605.005,1363373,True,606.695,607.518,608.287,604.215,22.256,35.581,14:35
QQQ,2026-02-18 14:40,605.0,605.45,604.69,604.94,1555154,True,606.466,607.297,608.241,604.224,21.926,33.936,14:40
QQQ,2026-02-18 14:45,604.96,605.54,604.8,604.96,642717,True,606.23,607.099,608.178,604.234,22.308,32.262,14:45
QQQ,2026-02-18 14:50,604.95,605.01,604.36,604.46,706862,True,605.934,606.886,608.102,604.241,19.715,30.977,14:50
QQQ,2026-02-18 14:55,604.46,604.56,603.405,603.89,1043773,True,605.622,606.648,608.011,604.246,17.252,29.523,14:55
QQQ,2026-02-18 15:00,603.91,604.82,603.8,604.36,938668,True,605.367,606.445,607.924,604.252,25.513,28.783,15:00
QQQ,2026-02-18 15:05,604.36,604.52,603.98,604.025,494032,True,605.098,606.235,607.829,604.259,23.697,27.802,15:05
QQQ,2026-02-18 15:10,604.06,604.15,603.49,603.77,662386,True,604.777,606.018,607.723,604.26,22.391,26.602,15:10
QQQ,2026-02-18 15:15,603.76,604.05,603.25,603.76,756418,True,604.502,605.797,607.622,604.261,22.339,25.708,15:15
QQQ,2026-02-18 15:20,603.77,604.04,603.41,604.03,560196,True,604.32,605.628,607.521,604.264,27.252,25.236,15:20
QQQ,2026-02-18 15:25,604.0,604.13,603.68,603.732,689291,True,604.193,605.444,607.42,604.266,25.349,24.765,15:25
QQQ,2026-02-18 15:30,603.73,604.73,603.62,604.61,789023,True,604.16,605.313,607.332,604.276,38.902,24.895,15:30
QQQ,2026-02-18 15:35,604.6,605.18,604.47,605.11,590268,True,604.175,605.202,607.255,604.291,45.026,25.793,15:35
QQQ,2026-02-18 15:40,605.115,605.56,604.88,605.33,955525,True,604.262,605.098,607.178,604.305,47.518,27.246,15:40
QQQ,2026-02-18 15:45,605.34,606.18,605.18,605.95,1163056,True,604.468,605.045,607.11,604.325,53.867,29.504,15:45
QQQ,2026-02-18 15:50,605.96,606.675,605.71,606.44,1214429,True,604.676,605.021,607.055,604.347,58.174,32.093,15:50
QQQ,2026-02-18 15:55,606.46,606.61,605.51,605.7,2767534,True,604.843,604.971,606.993,604.368,50.506,34.107,15:55
QQQ,2026-02-18 16:00,605.69,605.95,605.43,605.45,496875,False,605.011,604.894,606.932,604.389,48.195,36.141,16:00
QQQ,2026-02-18 16:05,605.41,605.46,605.12,605.2,252406,False,605.155,604.829,606.873,604.409,45.931,38.19,16:05
QQQ,2026-02-18 16:10,605.2,605.46,605.16,605.41,437326,False,605.293,604.807,606.801,604.432,48.135,39.806,16:10
QQQ,2026-02-18 16:15,605.38,605.38,605.05,605.138,34136,False,605.434,604.813,606.719,604.456,45.546,41.366,16:15
QQQ,2026-02-18 16:20,605.16,605.22,605.09,605.17,21576,False,605.49,604.825,606.648,604.475,45.914,43.047,16:20
QQQ,2026-02-18 16:25,605.15,605.29,605.08,605.29,3374,False,605.508,604.841,606.567,604.496,47.353,44.833,16:25
QQQ,2026-02-18 16:30,605.27,605.33,605.23,605.32,7068,False,605.507,604.884,606.488,604.519,47.728,46.296,16:30
QQQ,2026-02-18 16:35,605.33,605.47,605.31,605.43,27096,False,605.455,604.961,606.42,604.54,49.156,47.996,16:35
QQQ,2026-02-18 16:40,605.41,608.45,605.37,605.39,103140,False,605.35,605.013,606.356,604.56,48.635,48.692,16:40
QQQ,2026-02-18 16:45,605.39,605.545,605.32,605.32,6783,False,605.312,605.078,606.286,604.582,47.684,48.881,16:45
QQQ,2026-02-18 16:50,605.308,605.308,604.994,604.994,12929,False,605.266,605.139,606.214,604.6,43.42,48.589,16:50
QQQ,2026-02-18 16:55,605.05,605.35,605.037,605.28,34359,False,605.274,605.215,606.144,604.619,47.828,48.157,16:55
QQQ,2026-02-18 17:00,605.33,605.33,605.0,605.18,48962,False,605.251,605.272,606.061,604.637,46.467,47.321,17:00
QQQ,2026-02-18 17:05,605.19,605.21,605.15,605.18,3073,False,605.255,605.345,605.984,604.656,46.467,47.033,17:05
QQQ,2026-02-18 17:10,605.2,605.23,605.18,605.18,2029,False,605.256,605.373,605.9,604.677,46.467,46.909,17:10
QQQ,2026-02-18 17:15,605.21,605.21,605.12,605.17,12862,False,605.244,605.376,605.825,604.698,46.302,46.936,17:15
QQQ,2026-02-18 17:20,605.166,605.48,605.166,605.38,12727,False,605.25,605.379,605.758,604.72,50.286,47.089,17:20
QQQ,2026-02-18 17:25,605.3,605.32,605.3,605.32,605,False,605.239,605.347,605.692,604.742,49.163,47.348,17:25
QQQ,2026-02-18 17:30,605.31,605.43,605.25,605.43,3314,False,605.243,605.297,605.632,604.765,51.309,47.733,17:30
QQQ,2026-02-18 17:35,605.42,605.489,605.42,605.48,1495,False,605.259,605.286,605.577,604.787,52.294,48.086,17:35
QQQ,2026-02-18 17:40,605.48,605.54,605.48,605.51,3272,False,605.311,605.289,605.525,604.809,52.906,48.456,17:40
QQQ,2026-02-18 17:45,605.51,605.64,605.5,605.62,6567,False,605.345,605.31,605.474,604.831,55.194,48.887,17:45
QQQ,2026-02-18 17:50,605.62,605.694,605.62,605.65,13515,False,605.392,605.322,605.438,604.853,55.823,49.401,17:50
QQQ,2026-02-18 17:55,605.52,605.68,605.491,605.68,2173,False,605.442,605.349,605.404,604.876,56.482,50.029,17:55
QQQ,2026-02-18 18:00,605.56,606.16,605.4,606.07,27282,False,605.531,605.394,605.381,604.901,63.992,51.499,18:00
QQQ,2026-02-18 18:05,606.061,606.36,606.06,606.36,13630,False,605.65,605.447,605.361,604.928,68.365,52.965,18:05
QQQ,2026-02-18 18:10,606.37,606.6,606.33,606.57,10380,False,605.769,605.51,605.344,604.955,71.101,54.725,18:10
QQQ,2026-02-18 18:15,606.51,606.58,606.13,606.13,7041,False,605.85,605.545,605.327,604.98,59.49,55.655,18:15
QQQ,2026-02-18 18:20,606.14,606.2,606.03,606.05,19642,False,605.912,605.578,605.31,605.004,57.646,56.454,18:20
QQQ,2026-02-18 18:25,606.03,606.31,605.99,606.31,7182,False,605.995,605.627,605.301,605.03,61.79,57.56,18:25
QQQ,2026-02-18 18:30,606.32,606.45,606.2,606.21,2569,False,606.065,605.688,605.286,605.055,59.384,58.21,18:30
QQQ,2026-02-18 18:35,606.22,606.222,606.01,606.1,15227,False,606.113,605.729,605.278,605.081,56.765,58.753,18:35
QQQ,2026-02-18 18:40,606.05,606.08,606.0,606.0,3565,False,606.148,605.77,605.281,605.107,54.415,58.975,18:40
QQQ,2026-02-18 18:45,606.08,606.36,606.02,606.144,5145,False,606.194,605.818,605.304,605.136,57.165,59.323,18:45
QQQ,2026-02-18 18:50,606.1,606.15,606.0,606.15,13009,False,606.202,605.867,605.328,605.165,57.28,59.635,18:50
QQQ,2026-02-18 18:55,606.2,606.22,605.902,605.902,6035,False,606.157,605.903,605.347,605.191,51.132,59.345,18:55
QQQ,2026-02-18 19:00,605.99,606.05,605.7,605.76,1888,False,606.076,605.922,605.373,605.217,47.964,58.784,19:00
QQQ,2026-02-18 19:05,605.96,606.0,605.741,605.79,7890,False,606.042,605.946,605.411,605.244,48.689,58.227,19:05
QQQ,2026-02-18 19:10,605.78,605.81,605.5,605.65,8158,False,606.002,605.957,605.436,605.272,45.506,56.907,19:10
QQQ,2026-02-18 19:15,605.7,605.7,605.5,605.51,8834,False,605.922,605.958,605.466,605.3,42.513,55.06,19:15
QQQ,2026-02-18 19:20,605.5,605.58,605.01,605.16,17736,False,605.817,605.941,605.494,605.325,36.117,52.561,19:20
QQQ,2026-02-18 19:25,605.1,605.1,604.78,605.0,27152,False,605.707,605.91,605.519,605.352,33.627,50.714,19:25
QQQ,2026-02-18 19:30,604.98,605.5,604.9,605.5,8997,False,605.657,605.902,605.548,605.38,46.128,49.891,19:30
QQQ,2026-02-18 19:35,605.516,605.567,605.331,605.338,10150,False,605.576,605.885,605.58,605.409,43.287,48.569,19:35
QQQ,2026-02-18 19:40,605.34,605.497,605.25,605.25,4002,False,605.486,605.844,605.593,605.435,41.773,47.311,19:40
QQQ,2026-02-18 19:45,605.17,605.39,605.12,605.29,9870,False,605.425,605.791,605.597,605.46,42.753,46.311,19:45
QQQ,2026-02-18 19:50,605.36,605.41,605.27,605.32,4407,False,605.381,605.728,605.597,605.484,43.518,45.532,19:50
QQQ,2026-02-18 19:55,605.311,605.48,605.311,605.41,10541,False,605.343,605.692,605.586,605.509,45.854,44.724,19:55
