CONSOL_BARS,HOD_ATR,DIV_RSI_PTS,BREAK_BOX,MIN_ROOM_ATR,train_n,train_avg,train_t,test_n,test_avg,test_t
6,1.0,0.0,True,0.0,5,-0.20446,-9.755170691971042,2,-0.20855,
6,1.0,0.0,True,2.0,3,-0.1841,-13.325544126374325,0,,
6,1.0,0.0,False,0.0,6,-0.20133333333333334,-11.573306708165644,4,-0.15810000000000002,-3.8884175376752297
6,1.0,0.0,False,2.0,3,-0.1841,-13.325544126374325,0,,
6,1.0,3.0,True,0.0,4,-0.208725,-7.878796062204958,2,-0.20855,
6,1.0,3.0,True,2.0,3,-0.1841,-13.325544126374325,0,,
6,1.0,3.0,False,0.0,5,-0.20412,-9.705689705517253,4,-0.15810000000000002,-3.8884175376752297
6,1.0,3.0,False,2.0,3,-0.1841,-13.325544126374325,0,,
6,1.5,0.0,True,0.0,8,-0.229425,-5.461046949144811,2,-0.20855,
6,1.5,0.0,True,2.0,4,-0.262625,-3.3188913601459205,0,,
6,1.5,0.0,False,0.0,14,-0.20265714285714287,-6.5587928173003345,8,-0.1441,-3.096130203586274
6,1.5,0.0,False,2.0,8,-0.20518749999999997,-4.069841384150236,4,-0.1301,-1.4258970651340983
6,1.5,3.0,True,0.0,6,-0.24066666666666667,-4.261850699740042,2,-0.20855,
6,1.5,3.0,True,2.0,4,-0.262625,-3.3188913601459205,0,,
6,1.5,3.0,False,0.0,12,-0.20381666666666667,-5.621685063408355,8,-0.1441,-3.096130203586274
6,1.5,3.0,False,2.0,8,-0.20518749999999997,-4.069841384150236,4,-0.1301,-1.4258970651340983
6,2.0,0.0,True,0.0,29,-0.10456206896551723,-2.6260127406464977,7,-0.04181428571428571,-0.4697449427595027
6,2.0,0.0,True,2.0,17,-0.11493529411764705,-2.023379306203577,3,0.11159999999999999,0.639336308409283
6,2.0,0.0,False,0.0,48,-0.05430416666666665,-1.5627081000224576,19,-0.05873157894736841,-1.2424660527776386
6,2.0,0.0,False,2.0,28,-0.0676,-1.4703796181574762,10,0.016750000000000004,0.2032065149662059
6,2.0,3.0,True,0.0,24,-0.09470833333333332,-1.980551490064873,7,-0.04181428571428571,-0.4697449427595027
6,2.0,3.0,True,2.0,15,-0.11047333333333333,-1.7124178539452433,3,0.11159999999999999,0.639336308409283
6,2.0,3.0,False,0.0,43,-0.042960465116279066,-1.1195063425020844,18,-0.05525555555555555,-1.1086995217119817
6,2.0,3.0,False,2.0,26,-0.061384615384615385,-1.2439671843116573,9,0.032088888888888896,0.35438493222311473
12,1.0,0.0,True,0.0,1,-0.1792,,0,,
12,1.0,0.0,True,2.0,1,-0.1792,,0,,
12,1.0,0.0,False,0.0,2,-0.1711,,1,-0.1393,
12,1.0,0.0,False,2.0,2,-0.1711,,0,,
12,1.0,3.0,True,0.0,1,-0.1792,,0,,
12,1.0,3.0,True,2.0,1,-0.1792,,0,,
12,1.0,3.0,False,0.0,2,-0.1711,,1,-0.1393,
12,1.0,3.0,False,2.0,2,-0.1711,,0,,
12,1.5,0.0,True,0.0,1,-0.1792,,0,,
12,1.5,0.0,True,2.0,1,-0.1792,,0,,
12,1.5,0.0,False,0.0,3,-0.1993,-6.972155039489412,1,-0.1393,
12,1.5,0.0,False,2.0,3,-0.1993,-6.972155039489412,0,,
12,1.5,3.0,True,0.0,1,-0.1792,,0,,
12,1.5,3.0,True,2.0,1,-0.1792,,0,,
12,1.5,3.0,False,0.0,3,-0.1993,-6.972155039489412,1,-0.1393,
12,1.5,3.0,False,2.0,3,-0.1993,-6.972155039489412,0,,
12,2.0,0.0,True,0.0,10,-0.16607,-4.625487376981076,4,-0.08249999999999999,-1.8190547719370471
12,2.0,0.0,True,2.0,8,-0.17527500000000001,-3.9201234052795555,3,-0.056466666666666665,-1.0751438886611713
12,2.0,0.0,False,0.0,20,-0.09083,-1.919187278052168,8,0.025587500000000013,0.26615354172032557
12,2.0,0.0,False,2.0,17,-0.09223529411764707,-1.6554850493265663,4,0.19870000000000002,1.3153083163698676
12,2.0,3.0,True,0.0,10,-0.16607,-4.625487376981076,4,-0.08249999999999999,-1.8190547719370471
12,2.0,3.0,True,2.0,8,-0.17527500000000001,-3.9201234052795555,3,-0.056466666666666665,-1.0751438886611713
12,2.0,3.0,False,0.0,19,-0.08656315789473684,-1.7422665374938782,8,0.025587500000000013,0.26615354172032557
12,2.0,3.0,False,2.0,16,-0.08725625000000001,-1.4770221721551342,4,0.19870000000000002,1.3153083163698676
