symbol,date,time,setup,entry,t1,t1_name,t2,t2_name,ret,exit,hit_t1,hit_t2,mfe
QQQ,2026-01-05,12:20,HOD,619.0,617.215102,hourly_sma50,616.72,low_of_day,0.00229,eod,True,False,0.00317
QQQ,2026-01-07,13:25,HOD,626.36,623.42,gap_fill_yday_close,622.56,low_of_day,0.00367,eod,False,False,0.00437
QQQ,2026-01-22,13:55,HOD,621.06,618.9005599999999,hourly_sma100,617.78,low_of_day,0.00045,eod,False,False,0.00346
QQQ,2026-01-26,14:50,HOD,626.38,622.72,gap_fill_yday_close,622.12,low_of_day,0.00144,eod,False,False,0.00156
QQQ,2026-01-27,12:15,HOD,630.76,627.34,low_of_day,625.46,gap_fill_yday_close,0.00011,stop_50sma,False,False,0.00086
QQQ,2026-02-02,14:45,HOD,627.08,626.34809,hourly_sma50,625.10875,daily_sma8,0.00054,breakeven_stop,True,False,0.00264
QQQ,2026-02-09,15:25,HOD,614.93,612.4270339999999,hourly_sma100,609.65,gap_fill_yday_close,0.00098,eod,False,False,0.00117
QQQ,2026-02-18,13:25,HOD,608.22,606.1800000000001,daily_sma8,601.701736,hourly_sma50,0.00375,eod,True,False,0.00817
QQQ,2026-03-04,15:05,HOD,611.7,607.62125,daily_sma8,606.868293,hourly_sma100,0.00188,eod,False,False,0.00209
QQQ,2026-04-01,13:55,HOD,585.76,584.9618855,hourly_sma200,580.42,low_of_day,0.00196,eod,True,False,0.00586
QQQ,2026-04-13,12:00,HOD,611.3293,609.58,yday_low,608.324316,hourly_sma50,-0.00353,stop_setup_high,False,False,0.00042
QQQ,2026-05-01,14:35,HOD,674.0,668.8,low_of_day,667.74,gap_fill_yday_close,-0.00077,stop_50sma,False,False,0.00135
QQQ,2026-06-04,15:15,HOD,741.85,741.01,yday_low,738.6937250000001,hourly_sma100,0.00148,eod,True,False,0.00198
QQQ,2026-06-18,14:30,HOD,739.21,735.7616560000001,hourly_sma50,732.51,low_of_day,-0.00012,stop_50sma,False,False,0.00106
QQQ,2026-07-06,12:50,HOD,723.8,720.56213869,hourly_sma100,718.45,low_of_day,6e-05,stop_50sma,False,False,0.00073
QQQ,2026-07-14,15:00,HOD,719.97,718.4339473449999,hourly_sma200,717.74875,daily_sma8,-0.00124,stop_50sma,False,False,0.00062
QQQ,2026-08-13,11:30,HOD,730.85,724.03,low_of_day,723.7,gap_fill_yday_close,-0.00237,stop_50sma,False,False,0.00135
QQQ,2026-08-24,13:20,HOD,707.405,702.7,low_of_day,,,0.00159,eod,False,False,0.00172
QQQ,2026-08-27,14:00,HOD,718.195,714.5300000000001,daily_sma8,714.525,low_of_day,-0.00104,stop_50sma,False,False,0.00161
QQQ,2026-09-04,13:30,SMA200,717.169,714.133256,hourly_sma100,713.8675,daily_sma8,-0.00113,stop_50sma,False,False,0.00085
QQQ,2026-09-10,12:05,HOD,709.825,706.855,low_of_day,,,-0.00084,stop_50sma,False,False,0.00168
QQQ,2026-09-16,12:20,HOD,709.995,708.90561,hourly_sma50,707.64,low_of_day,0.00063,breakeven_stop,True,False,0.00172
SPY,2026-01-05,14:35,HOD,687.845,687.010387,hourly_sma100,686.67875,daily_sma8,0.00017,eod,False,False,0.001
SPY,2026-01-07,13:15,HOD,692.41,690.96,low_of_day,688.067634,hourly_sma50,-0.00046,stop_50sma,False,False,0.00053
SPY,2026-01-13,12:50,SMA200,693.37,692.614426,hourly_sma50,692.09,low_of_day,0.00039,breakeven_stop,True,False,0.00137
SPY,2026-01-15,12:55,HOD,693.98,692.99,low_of_day,692.59243,hourly_sma50,-0.00079,stop_50sma,False,False,0.00014
SPY,2026-01-20,11:50,HOD,682.49,680.91,low_of_day,,,-0.00176,stop_50sma,False,False,0.00018
SPY,2026-01-22,13:50,HOD,690.195,688.330297,hourly_sma100,686.92,low_of_day,0.00227,eod,True,False,0.00377
SPY,2026-01-27,12:15,HOD,695.54,693.57,low_of_day,692.73,gap_fill_yday_close,-0.00022,stop_50sma,False,False,0.00091
SPY,2026-02-09,15:30,HOD,694.1,690.62,gap_fill_yday_close,690.425183,hourly_sma200,0.00026,eod,False,False,0.00032
SPY,2026-02-10,13:25,SMA200,693.44,690.815796,hourly_sma200,689.91625,daily_sma8,0.00192,eod,False,False,0.00257
SPY,2026-02-17,15:15,HOD,683.1,681.75,gap_fill_yday_close,677.52,yday_low,0.00018,stop_50sma,False,False,0.0016
SPY,2026-02-18,13:40,HOD,687.08,682.85,gap_fill_yday_close,682.83,low_of_day,0.00012,stop_50sma,False,False,0.0046
SPY,2026-02-19,11:40,HOD,683.63,682.83,yday_low,682.47,low_of_day,0.00029,breakeven_stop,True,False,0.00133
SPY,2026-02-27,12:15,HOD,684.24,681.64,low_of_day,,,-0.00092,stop_50sma,False,False,0.00139
SPY,2026-03-02,13:55,HOD,685.28,681.64,yday_low,678.02,low_of_day,-0.00055,stop_50sma,False,False,0.00013
SPY,2026-04-01,14:00,HOD,655.96,654.310778,hourly_sma200,653.0,low_of_day,0.00115,breakeven_stop,True,False,0.0035
SPY,2026-04-13,12:00,HOD,679.21,678.45,yday_low,677.6150819999999,hourly_sma50,-0.00222,stop_setup_high,False,False,0.00022
SPY,2026-04-20,10:50,HOD,707.77,705.76,yday_low,703.4983059999998,hourly_sma50,-0.00071,stop_50sma,False,False,0.0023
SPY,2026-04-22,11:40,HOD,709.28,708.22,low_of_day,704.08,gap_fill_yday_close,-0.00038,stop_50sma,False,False,0.00063
SPY,2026-04-27,11:00,HOD,712.9,710.920088,hourly_sma50,709.698593,hourly_sma100,-0.00119,stop_50sma,False,False,0.00085
SPY,2026-04-28,10:35,HOD,710.089,709.1712500000001,daily_sma8,701.804662,hourly_sma200,-0.00072,stop_50sma,False,False,0.00118
SPY,2026-05-07,11:55,HOD,733.9799,727.82,yday_low,726.3770380000001,hourly_sma50,0.0033,eod,False,False,0.00576
SPY,2026-05-11,14:50,HOD,739.3399,737.62,gap_fill_yday_close,736.45,low_of_day,0.00011,eod,False,False,0.00164
SPY,2026-05-15,11:40,HOD,740.138,738.813476,hourly_sma100,737.96,low_of_day,-0.0003,stop_50sma,False,False,0.00139
SPY,2026-05-26,11:25,HOD,749.85,745.64,gap_fill_yday_close,744.48,yday_low,-9e-05,stop_50sma,False,False,0.00197
SPY,2026-06-02,13:35,HOD,758.8235,756.75,low_of_day,756.7201819999999,hourly_sma50,-0.00054,stop_50sma,False,False,4e-05
SPY,2026-06-17,13:00,HOD,749.49,747.85,low_of_day,746.7086109999999,hourly_sma200,-0.00121,stop_50sma,False,False,0.00143
SPY,2026-07-01,12:55,HOD,747.52,746.77,gap_fill_yday_close,742.4145715,hourly_sma200,0.00044,breakeven_stop,True,False,0.00143
SPY,2026-07-06,13:40,HOD,750.085,747.41,low_of_day,746.36234,hourly_sma50,-0.00028,stop_50sma,False,False,0.00031
SPY,2026-07-07,14:45,HOD,748.155,745.21,low_of_day,744.068538,hourly_sma100,0.00062,eod,False,False,0.00288
SPY,2026-07-08,10:35,HOD,742.32,,,,,-0.00055,stop_50sma,False,False,0.00379
SPY,2026-07-17,13:50,HOD,744.9,740.8,low_of_day,,,0.00224,eod,False,False,0.00372
SPY,2026-07-22,13:20,HOD,749.175,748.28,gap_fill_yday_close,746.37,low_of_day,0.00179,eod,True,False,0.00251
SPY,2026-07-28,13:40,HOD,740.8,739.8585639999999,hourly_sma50,739.09,gap_fill_yday_close,5e-05,stop_50sma,False,False,0.00051
SPY,2026-08-05,10:35,HOD,773.92,771.33,gap_fill_yday_close,760.52,yday_low,0.00311,breakeven_stop,True,False,0.00518
SPY,2026-08-07,12:25,HOD,771.725,769.61,low_of_day,768.56,gap_fill_yday_close,-0.00074,stop_50sma,False,False,0.00086
SPY,2026-08-11,11:15,HOD,772.45,771.62,yday_low,769.1368459999999,hourly_sma100,0.00144,breakeven_stop,True,False,0.00421
SPY,2026-08-25,13:25,HOD,764.82,763.47,gap_fill_yday_close,763.0501,low_of_day,-0.00071,stop_50sma,False,False,0.00013
SPY,2026-08-27,14:00,HOD,770.525,767.16,low_of_day,766.62,daily_sma8,-0.00034,stop_50sma,False,False,0.00177
SPY,2026-09-02,12:25,HOD,764.85,761.78,gap_fill_yday_close,761.73,low_of_day,-0.00043,stop_50sma,False,False,0.00065
SPY,2026-09-03,15:20,HOD,773.18,767.45,low_of_day,766.995789,hourly_sma100,3e-05,eod,False,False,0.00063
SPY,2026-09-11,14:20,HOD,765.34,763.6,low_of_day,762.6835520000001,hourly_sma50,0.0015,eod,False,False,0.0017
SPY,2026-09-14,14:25,HOD,762.0108,757.93,low_of_day,,,0.00162,eod,False,False,0.00177
SPY,2026-09-24,11:05,HOD,764.08,,,,,-0.0005,stop_50sma,False,False,0.00109
