rule,trades,avg_return_pct,median_return_pct,win_rate_pct,total_$_1_contract_each,avg_log_return,t_stat_log,avg_ret_first_half_pct,avg_ret_second_half_pct
tp25_sl30,4993,40.272871323614176,25.12315270935963,51.57220108151412,83138.0,-0.03510868908594137,-2.9895594401991326,34.11784583380524,46.4254318452654
tp25_sl50,4993,42.56447155178705,28.301886792452823,59.503304626477075,112118.0,-0.08362139981673243,-6.236032945172857,37.17450621052081,47.95227831662507
tp50_sl30,4993,38.70846181983048,-31.57894736842105,41.838574003605046,88738.0,-0.09160111930730389,-7.364804772900416,32.22796120381815,45.186367121218865
time_1h,4993,19.43518242621968,-7.0351758793969825,41.15762066893651,38459.0,-0.16734714079023114,-14.095480468331282,21.090519012559625,17.78050877003045
tp50_sl50,4993,40.20383898933232,-50.0,48.427798918485884,115891.0,-0.18365021305025134,-12.599330679825842,34.58704908235331,45.818379481050215
tp100_sl30,4993,34.15558058722945,-34.28571428571428,29.361105547766876,87275.0,-0.2032703226506856,-15.275932111612565,27.047596806432395,41.26071775858286
scale_half@50_be_t2@200_sl50,4993,33.370039337555625,-50.0,46.845583817344284,79428.5,-0.24558000154236753,-17.26802575125538,28.452796315602214,38.28531309918786
scale_half@50_be_t2@300_sl50,4993,30.36247371628807,-50.0,46.7454436210695,63326.5,-0.2652190294168749,-18.93321045470349,26.145606551761556,34.577652107420704
scale_half@50_be_trail30_sl50,4993,21.47593750605892,-50.0,47.46645303424795,36087.0,-0.2668444570293057,-19.686541047117018,20.406951868066564,22.544495036066493
scale_half@50_be_trail50_sl50,4993,17.832848427190523,-50.0,46.86561185659924,25713.0,-0.2904152531123454,-21.774769731302094,17.560437364851776,18.105150394189927
tp200_sl30,4993,26.6298798652734,-37.11711711711712,18.58602042860004,56193.0,-0.34002375420311504,-24.92024278051625,20.13425714225335,33.12290121755937
tp100_sl50,4993,35.43293872826506,-52.0,34.96895653915482,110623.0,-0.3460121602378977,-21.819960182485563,29.73966926001626,41.12392815267394
scale_half@100_be_t2@200_sl50,4993,31.074946214108774,-52.0,34.96895653915482,85825.0,-0.38016308153502476,-24.459951812297874,26.589930369455622,35.558165897029994
scale_half@100_be_t2@300_sl50,4993,27.97497827051122,-52.0,34.96895653915482,67244.0,-0.3999604223904834,-26.147409469608668,24.265364300406425,31.683106612273964
scale_half@100_be_trail30_sl50,4993,18.07952849790574,-52.0,34.96895653915482,35924.5,-0.4084301554150571,-27.539841038371588,17.04848385868424,19.110160223775527
scale_half@100_be_trail50_sl50,4993,15.699600069454448,-52.0,34.96895653915482,31240.5,-0.42457933513531987,-28.9866086820389,16.168869451894004,15.230518620287798
tp200_sl50,4993,28.47013643809596,-54.47154471544715,23.532946124574405,79284.0,-0.5289945397107352,-32.14756119635216,24.088372522522803,32.85014554232927
time_4h,4993,-3.288317998916478,-18.562874251496996,32.54556378930503,-7894.0,-0.5680424090765391,-33.08656381778322,4.963672112251529,-11.537003348325907
0_actual,4993,-3.072189891217709,-15.62499999999999,37.792910074103744,-2782.548333333334,-0.6094082806853085,-30.922046651586594,-12.645179769266099,6.496966190323654
tp25_slnone,4993,46.37155750599724,32.432432432432435,69.41718405768074,154441.0,-0.7649529794053509,-25.39575862410498,43.79001988706956,48.95206126925055
tp50_slnone,4993,44.88314427516694,53.33333333333334,58.54195874223913,160874.0,-1.1175456028775632,-33.712255757315916,43.18350007496164,46.582107800882774
scale_half@50_be_t2@200_slnone,4993,36.310694705391576,18.69747899159666,56.479070698978575,119893.0,-1.1928647939822752,-36.67398160804393,35.104410968206,37.51649534937044
scale_half@50_be_t2@300_slnone,4993,33.37592321092121,17.803030303030297,56.35890246344882,109000.0,-1.2137726303029575,-37.564524493600764,33.091282532819164,33.66044989596031
scale_half@50_be_trail30_slnone,4993,23.49048067623599,25.0,57.22010815141198,69273.5,-1.2171630895543104,-37.95708695836126,26.424262728568227,20.557873546631956
scale_half@50_be_trail50_slnone,4993,21.58212289625515,18.55072463768117,56.49909873823352,74781.0,-1.24091580395818,-38.94719237922164,27.295506694051692,15.87102719769681
time_24h,4993,-9.520371626438418,-63.31658291457287,24.894852793911475,-6113.0,-1.31539003686055,-52.50766038442314,-1.380716642278537,-17.656766836876166
tp100_slnone,4993,39.981601115458034,-85.1063829787234,44.70258361706389,165741.0,-1.5922639356530779,-45.29610488830247,39.085859005759005,40.87698449784041
scale_half@100_be_t2@200_slnone,4993,34.482227710122096,-85.1063829787234,44.70258361706389,143597.0,-1.6339364789234838,-47.11388039650581,34.4900949917503,34.474363579187376
scale_half@100_be_t2@300_slnone,4993,31.649344519484785,-85.1063829787234,44.70258361706389,133997.5,-1.6546782037337189,-48.068006663353174,33.0871918907811,30.21207297813292
scale_half@100_be_trail30_slnone,4993,19.854894052461997,-85.1063829787234,44.70258361706389,84407.0,-1.6682755886596352,-48.97437673033104,23.315648506498775,16.39552556336476
scale_half@100_be_trail50_slnone,4993,19.721237001466907,-85.1063829787234,44.70258361706389,98328.0,-1.6826998152002854,-49.615544929262356,27.25954524338303,12.185947705582779
time_48h,4993,-7.910490938117339,-84.42211055276381,22.411375926296813,33365.0,-1.8033607481711378,-63.451117008992,0.13533958766602794,-15.95309926505177
tp200_slnone,4993,33.99558192906002,-95.45454545454545,32.525535750050075,165200.0,-2.036392687004742,-57.70548999293433,34.73236842914846,33.259090497654036
time_120h,4993,-4.357738314985178,-94.65648854961832,19.96795513719207,65911.0,-2.296878195732412,-75.70472367085347,7.319124579086581,-16.02992485227116
hold_to_window_end,4993,-2.2343293636032886,-96.7741935483871,19.046665331464048,143753.0,-2.589586668032726,-83.51009383213297,12.805936680462898,-17.268572073250546
